"predictors","val_mae","val_rmse","val_rsq","train_rmse","train_rsquared","train_mae","val_rmse_orig","val_rsq_orig","val_mae_orig","train_rmse_orig","train_rsq_orig","train_mae_orig","aic","apc","fpe","hsp","msep","rmse","press","sbc_SAS","sbc_R","pred_rsq","rsq","adj_rsq","test_rmse","test_rsquared","test_mae","fstat","f_num_df","f_denom_df","predictor_count","best_per_metric","predictor_count_limited","max_allowed_predictors"
"city_mpg  Engine_Cylinders  Engine_HP  Transmission_Type  Number_of_Doors  Vehicle_Style  Vehicle_Size  Driven_Wheels  Luxury  Hatchback  Hybrid  Diesel  Exotic  Crossover",0.128349137709198,0.17675413184621,0.938933934149031,0.186040026516253,0.91978580347068,0.138542865134324,25797.601497401,0.86638952630926,9576.53023117958,23750.1462945089,0.834356831448803,9459.15901512606,-2097.83304151883,0.080803717816895,0.0349680554567281,8.53724501070105e-06,142.322004182828,0.186656092557063,144.06497510086,-13556.0291051042,-1920.92875374752,0.918505012627662,0.91978580347068,0.919273378627986,0.197800215353122,0.917336806589723,0.148583195222332,1794.96723585068,26,4070,14,"val_mae","No",0
"Age  Engine_Cylinders  Engine_HP  Transmission_Type  Number_of_Doors  Vehicle_Style  Vehicle_Size  Driven_Wheels  Factory_Tuner  Luxury  Flex_Fuel  Hatchback  Hybrid  Diesel  Exotic  Crossover",0.129189225978767,0.174104812092621,0.940748550273869,0.181040277692513,0.924039316055444,0.134350563521134,24679.795738949,0.877287779868209,9504.60786139573,23479.8722076897,0.83763542670172,9304.14868584529,-2317.05654348889,0.0765936896440936,0.0331462008241605,8.09248174850695e-06,134.841187653585,0.18168443260819,136.660928556649,-13762.6165865191,-2127.51623516249,0.92269334972488,0.924039316055444,0.923516479489454,0.190846994893457,0.923000255001532,0.142382459692839,1767.35786317022,28,4068,16,"val_rmse  val_rsq","No",0
"Age  highway_MPG  Engine_Cylinders  Engine_HP  Transmission_Type  Number_of_Doors  Vehicle_Style  Vehicle_Size  Driven_Wheels  Factory_Tuner  Performance  Luxury  Flex_Fuel  Hatchback  Hybrid  Diesel  Exotic  Popularity",0.129287972769412,0.175195157285464,0.939927008435967,0.178742663971666,0.925955141940009,0.133028672402326,24432.2716802626,0.879068051108423,9475.57982204379,23102.6174302543,0.84241406294223,9189.23410715719,-2417.71354962605,0.0747348297633452,0.0323418191652484,7.89613074649385e-06,131.50479887927,0.17942275511611,133.357242990892,-13850.6375721012,-2215.53722074455,0.924562185736374,0.925955141940009,0.925408819819547,0.188679479147865,0.924706220004731,0.140414868501074,1694.88861471774,30,4066,18,"rmse  aic  apc  fpe  hsp  msep  sbc_SAS  sbc_R  press  pred_rsq  adj_rsq","No",0
"Age  highway_MPG  city_mpg  Engine_Cylinders  Engine_HP  Transmission_Type  Number_of_Doors  Vehicle_Style  Vehicle_Size  Driven_Wheels  Factory_Tuner  Performance  Luxury  Flex_Fuel  Hatchback  Hybrid  Diesel  Exotic  Crossover  Popularity",0.129302604511657,0.175027567210636,0.940042932712401,0.178701215690981,0.925989478188067,0.132907314776286,24391.6095423557,0.879409020591719,9481.89637802454,23080.5471916918,0.842693595918875,9184.46174272072,-2415.61386031975,0.0747731424979243,0.0323584460254653,7.90022873491696e-06,131.508329481176,0.179425282763569,133.405557431644,-13835.9018622398,-2200.80151088316,0.92453485511881,0.925989478188067,0.9254067181738,0.188610781822902,0.924752726089074,0.140256153512636,1588.97222787752,32,4064,20,"rsq  train_rmse","No",0
"Age  city_mpg  Engine_Cylinders  Engine_HP  Transmission_Type  Number_of_Doors  Vehicle_Style  Vehicle_Size  Driven_Wheels  Factory_Tuner  Performance  Luxury  Flex_Fuel  Hatchback  Hybrid  Diesel  Exotic  Crossover  Popularity",0.129401360481867,0.174969196149089,0.940094500950089,0.178980921549834,0.925757612082562,0.132759982950623,24500.4109351722,0.878355549296793,9516.21455572144,23205.8711708618,0.841017649721163,9207.22803787574,-2404.79851375365,0.0749707900554556,0.0324439554828865,7.92108581673644e-06,131.887964190823,0.179684016509588,133.775577237776,-13831.4045259512,-2196.30417459461,0.924325541512868,0.925757612082562,0.925191433970522,0.189109869122715,0.924376724131251,0.140380104134959,1635.09961334918,31,4065,19,"train_mae","No",0
"Age  highway_MPG  city_mpg  Engine_Cylinders  Engine_HP  Transmission_Type  Number_of_Doors  Vehicle_Style  Vehicle_Size  Factory_Tuner  Performance  Luxury  Flex_Fuel  Hatchback  Hybrid  Diesel  Exotic  Crossover",0.132525827963764,0.178213647902121,0.937829865318463,0.181426633757218,0.9237147563853,0.135349170168203,23828.1967398069,0.884627615855566,9559.24023102171,22772.7309477087,0.846768984312195,9250.66024024088,-2299.58845085399,0.0769960918877158,0.0333040083737794,8.13104554069906e-06,135.483757844191,0.182072163356813,137.260121193087,-13745.1484938842,-2110.04814252758,0.922354397135565,0.9237147563853,0.923189685878611,0.190173079353424,0.923274165310848,0.141541888527745,1759.22041824393,28,4068,18,"val_rmse_orig","No",0
"Age  highway_MPG  city_mpg  Engine_Cylinders  Engine_HP  Transmission_Type  Number_of_Doors  Vehicle_Style  Vehicle_Size  Factory_Tuner  Luxury  Flex_Fuel  Hatchback  Hybrid  Diesel  Exotic  Crossover",0.132125748783041,0.177705327327303,0.938214757020126,0.182187313278296,0.923073722909589,0.135918116625028,23861.5656340076,0.884691028784421,9512.15256041092,22772.2017546104,0.84689163221998,9249.51779512721,-2267.30474342541,0.0776052047626966,0.0335674547670203,8.19534640610657e-06,136.588740821655,0.182813081162434,138.342690780805,-13719.1827967332,-2084.08244537655,0.921742006824741,0.923073722909589,0.922563275752686,0.190180946364097,0.923281669358429,0.142229856015787,1808.36294301031,27,4069,17,"val_rsq_orig","No",0
"Age  highway_MPG  Engine_Cylinders  Engine_HP  Transmission_Type  Number_of_Doors  Vehicle_Style  Vehicle_Size  Driven_Wheels  Factory_Tuner  Luxury  Flex_Fuel  Hatchback  Hybrid  Diesel  Exotic  Crossover  Popularity",0.129282136956042,0.174619766254964,0.940360010249787,0.179536198470855,0.925296232921974,0.133578177748641,24383.6106688046,0.879901645274001,9466.00595743041,23050.2371581807,0.843245152749565,9182.68615127974,-2381.41650282615,0.0753998786888564,0.0326296219494794,7.9663966892314e-06,132.67503135951,0.180219308904447,134.523270907478,-13814.3405253013,-2179.24017394465,0.923902584537183,0.925296232921974,0.924745049200296,0.188596106173379,0.924765626427598,0.141034316963339,1678.74375916954,30,4066,18,"val_mae_orig","No",0
"Age  highway_MPG  city_mpg  Engine_Cylinders  Engine_HP  Transmission_Type  Number_of_Doors  Vehicle_Style  Vehicle_Size  Factory_Tuner  Luxury  Flex_Fuel  Hatchback  Hybrid  Diesel  Exotic  Crossover  Popularity",0.132148947788618,0.177901290755725,0.938092797110306,0.181432953564484,0.92370944165919,0.135303759050033,23925.961160554,0.884017712091484,9508.40371310288,22654.2860965583,0.848418756978869,9178.73415692323,-2299.30302639477,0.0770014561380025,0.0333063286348743,8.1316120235205e-06,135.49319687894,0.182078505650428,137.257269802163,-13744.863069425,-2109.76271806836,0.922356010116563,0.92370944165919,0.923184334571298,0.189398463732802,0.923915332376376,0.141355684749293,1759.08774221312,28,4068,18,"train_rmse_orig","No",0
"Age  highway_MPG  Engine_Cylinders  Engine_HP  Transmission_Type  Number_of_Doors  Vehicle_Style  Vehicle_Size  Factory_Tuner  Luxury  Flex_Fuel  Hatchback  Hybrid  Diesel  Exotic  Crossover  Popularity",0.132106256574789,0.177902047784458,0.938092480936659,0.181435720634583,0.923707114596454,0.135323644504812,23932.0134162717,0.883969351766492,9507.34100895202,22654.4449664795,0.848418797050624,9179.54011998473,-2301.17805902224,0.0769662229555257,0.0332910687568971,8.12786797765609e-06,135.464103360595,0.182058906985848,137.196567844207,-13753.05611233,-2117.95576097338,0.922390348131709,0.923707114596455,0.923200870333516,0.189419683801635,0.923898023661017,0.141436806334654,1824.62732364659,27,4069,17,"train_rsq_orig","No",0
"Age  highway_MPG  city_mpg  Engine_Cylinders  Engine_HP  Transmission_Type  Number_of_Doors  Vehicle_Style  Vehicle_Size  Factory_Tuner  Luxury  Flex_Fuel  Hatchback  Hybrid  Diesel  Exotic  Popularity",0.132144537570735,0.177912654753938,0.938084820670681,0.181433248659378,0.923709193490684,0.135308337575659,23926.4804007146,0.884014055601989,9507.6129528723,22654.8138158734,0.848412176385806,9178.70046206827,-2301.28969912677,0.0769641257136152,0.0332901616131922,8.12764650251139e-06,135.460412118072,0.182056426520025,137.210022165086,-13753.1677524345,-2118.06740107791,0.922382737262313,0.923709193490684,0.923202963022325,0.189410610164748,0.923906154280667,0.141362003666512,1824.6811506339,27,4069,17,"train_mae_orig","No",0
"Engine_HP",0.206741736016242,0.291732808897261,0.83383945912726,0.300217238475545,0.791113821899635,0.213832719909543,40085.5100139831,0.6926748245436,15175.5048218853,36300.8439108695,0.619181337886556,14479.118351805,1773.36054205431,0.209090218323174,0.0902184297311453,2.20259916962662e-05,369.444557809998,0.300290542649138,369.901648566397,-9842.78577846968,1792.31457288695,0.790753233686251,0.791113821899635,0.791062811843933,0.302960622060083,0.805118629271349,0.213303040949455,15508.9778085865,1,4095,1,"val_mae  val_rmse  rmse  aic  apc  fpe  hsp  msep  sbc_SAS  sbc_R  press  pred_rsq  val_rsq  rsq  adj_rsq  train_rmse  train_mae  val_mae_orig  train_rmse_orig  train_rsq_orig  train_mae_orig","Yes",1
"Engine_Cylinders",0.322987006718075,0.409922139520995,0.674716686481194,0.426533637851242,0.578356872761231,0.331587202933705,37106.3909133515,0.749929226419887,18999.4734729847,36870.7671099638,0.609679271777909,18159.2996675241,4660.9695511198,0.422054988657317,0.182331281259682,4.45144888795257e-05,745.735118105832,0.426898486144866,747.519251036516,-6923.58671801646,4711.51363334017,0.577141689844104,0.578356872761231,0.577738325386309,0.417530437832373,0.634065020628847,0.324844320941493,935.024375188383,6,4090,1,"val_rmse_orig  val_rsq_orig","Yes",1
"Engine_HP  Exotic",0.184789967495868,0.244815350124334,0.883057395605259,0.256559721957088,0.84744887850103,0.193695072461093,30281.0325534931,0.814427881905984,12030.9434406366,27158.9005905125,0.783931776347638,11807.719544281,487.71548379839,0.152774694222222,0.0659193582842853,1.60936048393579e-05,269.874013634068,0.25665370561808,270.37818656669,-11122.1128264481,512.987524908578,0.847051881384897,0.84744887850103,0.847374354259946,0.259834524680554,0.857949548442864,0.193998638520226,11371.4526464712,2,4094,2,"val_mae  val_rmse  rmse  aic  apc  fpe  hsp  msep  sbc_SAS  sbc_R  press  pred_rsq  val_rsq  rsq  adj_rsq  train_rmse  val_rmse_orig  val_rsq_orig  val_mae_orig  train_rmse_orig  train_rsq_orig  train_mae_orig","Yes",2
"Engine_HP  Luxury",0.186712488278757,0.271337747718353,0.856388378106709,0.278565171388847,0.820157602006422,0.192153491420855,42171.9241153246,0.67789916989377,15219.7974516895,36420.3729341123,0.62946938201554,13931.9075636437,1162.00440552307,0.180105967702412,0.0777122799987007,1.89727381761054e-05,318.154263903136,0.278667216146427,318.771815446968,-10447.8239047234,1187.27644663326,0.819676468507903,0.820157602006421,0.82006974543681,0.285174909793332,0.826946741824721,0.195119455152592,9335.18808711107,2,4094,2,"train_mae","Yes",2
"Engine_HP  Luxury  Exotic",0.15544441420922,0.203213716906738,0.919596212539513,0.214211186245331,0.893653611807349,0.163012227443406,28388.3460226677,0.84063547110493,11488.8566759445,24762.7350178942,0.819669160412464,10703.9777638979,-988.474673036192,0.106554248223323,0.0459761199399229,1.12246520347697e-05,188.180460760581,0.214315832654234,188.692518325051,-12591.9849730051,-956.884621648457,0.893260007247501,0.893653611807349,0.893575664295847,0.224314934780888,0.893203995457612,0.169797438424064,11464.8125974319,3,4093,3,"val_mae  val_rmse  rmse  aic  apc  fpe  hsp  msep  sbc_SAS  sbc_R  press  pred_rsq  val_rsq  rsq  adj_rsq  train_rmse  train_mae  val_rmse_orig  val_rsq_orig  val_mae_orig  train_rmse_orig  train_rsq_orig  train_mae_orig","Yes",3
"Engine_HP  Transmission_Type  Luxury  Exotic",0.1478835118867,0.197532292778635,0.923841374162911,0.206581255316861,0.901094537865959,0.155075914816425,28483.5919124583,0.836222140964949,11259.2887420422,24359.7568592557,0.825127173442304,10404.8018000642,-1281.65922741826,0.0991471665869588,0.042790563023243,1.04469334766096e-05,175.056485413842,0.206732689366752,175.701242997863,-12872.5335068321,-1237.43315547543,0.900608940032853,0.901094537865959,0.900973656098501,0.21749474355255,0.899476889583479,0.163688784436482,7454.3461500917,5,4091,4,"val_mae  rmse  aic  apc  fpe  hsp  msep  sbc_SAS  sbc_R  press  pred_rsq  rsq  adj_rsq  train_rmse  train_mae","Yes",4
"Engine_Cylinders  Engine_HP  Luxury  Exotic",0.149537425521926,0.196662249333696,0.924223240210964,0.209227646405301,0.898544267289927,0.159842663493225,26019.5332314558,0.86302496455789,10277.8372716007,24479.8016328208,0.82403596034564,10298.641350166,-1169.35736528282,0.101703669495777,0.0439368743086073,1.07267951305725e-05,179.570304916444,0.209483457292389,180.793387696773,-12734.9596035864,-1099.8592522298,0.897728404582475,0.898544267289927,0.898320851191471,0.222774890383073,0.895595085785451,0.167237415880323,4021.84208523325,9,4087,4,"val_rmse  val_rsq  val_rmse_orig  val_rsq_orig  val_mae_orig  train_mae_orig","Yes",4
"Engine_HP  Factory_Tuner  Luxury  Exotic",0.153542119272274,0.200881854771758,0.921314357226212,0.211401228060645,0.896425352490796,0.160632998019266,27254.4773928938,0.852020773057145,11118.2233309386,24325.6333525332,0.826314541681494,10416.4961722939,-1094.67232488242,0.103827762483567,0.0447996934954063,1.09374447226785e-05,183.320651657908,0.211530343829148,183.886038056697,-12691.8646145738,-1056.76426321714,0.895978947423631,0.896425352490795,0.89632410650105,0.219445245338167,0.897733465210217,0.166681347467151,8853.93441012276,4,4092,4,"train_rmse_orig  train_rsq_orig","Yes",4
"Engine_Cylinders  Engine_HP  Transmission_Type  Luxury  Exotic",0.142348807405186,0.191326530263344,0.928302211852157,0.201561806329248,0.905842496374597,0.152003888148077,26497.8039012906,0.860793945076092,10199.6886159891,24116.5727794101,0.829868104829864,10011.2452950485,-1471.21325405528,0.0944336928318334,0.040806179864191,9.96247118982e-06,166.693642076876,0.201857640842163,167.970803337468,-13024.1794718038,-1389.07912044717,0.904981911895483,0.905842496374597,0.905588951077197,0.214886709778864,0.902613648080425,0.160036130437867,3572.7047816041,11,4085,5,"val_mae  val_rmse  rmse  aic  apc  fpe  hsp  msep  press  pred_rsq  val_rsq  rsq  adj_rsq  train_rmse  train_mae_orig","Yes",5
"Engine_HP  Transmission_Type  Luxury  Diesel  Exotic",0.14545439731651,0.19560981381902,0.925263224218227,0.202260645069761,0.905188454001847,0.151387731747846,28384.2861079597,0.837230934496905,11133.3761028616,24287.9732324322,0.82609066431769,10255.8795504551,-1452.85281824315,0.0950896536862435,0.0410393983218041,1.00194094323273e-05,167.851539227803,0.202433654756858,168.513439576164,-13037.4090873794,-1402.30873602278,0.904674952251827,0.905188454001847,0.905049366159307,0.215474414754948,0.901365313092,0.162650335385632,6508.03432903217,6,4090,5,"sbc_SAS  sbc_R","Yes",5
"Age  Engine_HP  Transmission_Type  Luxury  Exotic",0.148449701452341,0.19714564856555,0.924141484058061,0.203422600237884,0.904095970478049,0.151371201659424,28752.4950706549,0.833007912293624,11357.7344002148,24850.2258013704,0.817754440146862,10423.553313215,-1405.91429271358,0.0961853417571655,0.0415122823574047,1.0134859925279e-05,169.785639543539,0.203596603838058,170.490226335005,-12990.4705618498,-1355.3702104932,0.90355671923345,0.904095970478049,0.903955279970193,0.215563344120894,0.901290422740558,0.159595982584598,6426.13339204354,6,4090,5,"train_mae","Yes",5
"Engine_Cylinders  Engine_HP  Luxury  Flex_Fuel  Exotic",0.149445492047004,0.196347414728745,0.92446265824351,0.209154055430786,0.898615624142929,0.15995109512103,25687.8001623439,0.866333893737663,10221.1050924536,24266.4390960594,0.826895744899824,10270.3745776263,-1170.23992180357,0.101681763417639,0.0439274238276068,1.07244955490082e-05,179.487881587659,0.209435400053199,180.749684702412,-12729.5241498296,-1094.42379847301,0.897753126587051,0.898615624142929,0.898367497917141,0.222287336425747,0.896030239182444,0.167160090322944,3621.60679020636,10,4086,5,"val_rmse_orig  val_rsq_orig","Yes",5
"Engine_Cylinders  Engine_HP  Factory_Tuner  Luxury  Exotic",0.148399131765434,0.195502146508041,0.925101499911797,0.206710747591702,0.900970504275824,0.157573926868049,26045.1255824928,0.865007808121468,10143.6253579735,24261.3907764667,0.827182132106265,10149.0428318807,-1266.52455398012,0.0993199757898541,0.0429071106207008,1.04753950215336e-05,175.318871886973,0.206988805586371,176.620978422282,-12825.8087820062,-1190.70843064956,0.900088662104464,0.900970504275824,0.900728141339642,0.217762944571563,0.900073650962955,0.163431365677074,3717.44342789004,10,4086,5,"val_mae_orig","Yes",5
"Engine_HP  Transmission_Type  Factory_Tuner  Luxury  Exotic",0.147208740962253,0.195904369062554,0.925030858538936,0.204665536499953,0.902920420004845,0.15366258587731,27611.0027245923,0.845420058837282,10917.2977285708,24006.7107122922,0.830349799424974,10179.6575329634,-1356.0003142974,0.0973643404351306,0.0420211221153614,1.02590886927292e-05,171.866799114242,0.204840603282802,172.566678954568,-12940.5565834337,-1305.45623207703,0.902382107014955,0.902920420004845,0.902778004973068,0.21365944648699,0.902974234997724,0.161314852174,6340.06402789021,6,4090,5,"train_rmse_orig  train_rsq_orig","Yes",5
"Engine_Cylinders  Engine_HP  Transmission_Type  Driven_Wheels  Luxury  Exotic",0.139798715260364,0.189096175992795,0.929960224094926,0.198372029849814,0.908799057433785,0.149403434915247,27028.0248166823,0.8559252592,10191.9485264408,24547.6489489994,0.824155629141793,10001.2322163906,-1595.92278820965,0.0915131218317224,0.0395635475204611,9.65910145172264e-06,161.498920660342,0.198736171433622,162.928862181875,-13129.9349751255,-1494.8346237689,0.907834048096662,0.908799057433785,0.908486266351981,0.211149453959285,0.906261210002803,0.157714076963961,2905.45066755153,14,4082,6,"val_mae  val_rmse","Yes",6
"Age  Engine_Cylinders  Engine_HP  Transmission_Type  Luxury  Exotic",0.144949717844128,0.190836297109759,0.928688872662201,0.196980299929021,0.910074255715562,0.148021941633067,26256.6104974756,0.862025315970854,10352.3322993213,24420.6661767145,0.825255396137016,10002.9025390022,-1657.61250554679,0.0902335585680524,0.0389912544198731,9.51938099020836e-06,159.240795466238,0.197293560130487,160.583971816345,-13204.2607130178,-1569.16036166113,0.909160510761128,0.910074255715562,0.909810027279858,0.210361689179203,0.906727779518668,0.155447127295624,3444.27068681074,12,4084,6,"rmse  aic  apc  fpe  hsp  msep  sbc_SAS  sbc_R  press  pred_rsq  rsq  adj_rsq  train_rmse  train_mae","Yes",6
"Engine_Cylinders  Engine_HP  Transmission_Type  Luxury  Hybrid  Exotic",0.139844218332012,0.189157065871625,0.929977699441564,0.2000249165576,0.907272906311327,0.150009545838692,26528.4712071318,0.860534673889644,10167.8789695854,24179.1792617707,0.829041850676424,9963.98373928577,-1531.93114562477,0.093044496943353,0.0402059024409557,9.81592690681768e-06,164.201433947007,0.200343018650457,165.50451570558,-13078.5793530957,-1443.47900173911,0.906377046828707,0.907272906311327,0.907000446682467,0.211126298892982,0.905914775235044,0.157081681589809,3329.93519116057,12,4084,6,"val_rsq","Yes",6
"Age  Engine_Cylinders  Engine_HP  Luxury  Flex_Fuel  Exotic",0.1498691670177,0.195101327442596,0.925420694695473,0.202532229638685,0.904933667508372,0.154166292070057,25386.8413376829,0.868855561670622,10402.7012330112,24479.0468975107,0.823593617248953,10197.5876171685,-1431.85774184377,0.0953917429206948,0.0412100915030795,1.00610910701867e-05,168.34376549769,0.202829488452723,169.655604574331,-12984.8239595923,-1349.72360823566,0.90402884988005,0.904933667508372,0.904677674936179,0.215632893080753,0.90223335697827,0.161324470286564,3534.99970626705,11,4085,6,"val_rmse_orig","Yes",6
"Engine_Cylinders  Engine_HP  Factory_Tuner  Luxury  Flex_Fuel  Exotic",0.148027102499194,0.19499348641053,0.925486796503936,0.206555789874795,0.901118920679131,0.157650016904689,25607.8478871144,0.869268939641654,10053.6059708429,23999.5916363282,0.830673472606865,10108.0244295438,-1270.66937083185,0.0992195475630427,0.0428637375602462,1.04648145993559e-05,175.098931378432,0.206858954113102,176.432389280563,-12823.6355885804,-1188.53523722374,0.900195343618914,0.901118920679131,0.900852655838855,0.217047706456509,0.900702939962963,0.163226637699867,3384.29557482442,11,4085,6,"val_rsq_orig","Yes",6
"Engine_Cylinders  Engine_HP  Vehicle_Size  Factory_Tuner  Luxury  Exotic",0.145877909027201,0.194438159802746,0.925919532083936,0.205415731878039,0.902207431105145,0.156311484766947,26077.1722199955,0.864391012799959,10034.1860904298,24217.4711987289,0.827864791588884,10126.1231888963,-1314.02036515345,0.0981273111844701,0.0424022616047682,1.03521491951934e-05,173.171393636142,0.205742407051016,174.619662171544,-12860.6685726244,-1225.56822126779,0.901220771018985,0.902207431105146,0.901920087611821,0.215350007944286,0.902066703740832,0.162473680987041,3139.8220320427,12,4084,6,"val_mae_orig","Yes",6
"Engine_HP  Transmission_Type  Vehicle_Size  Factory_Tuner  Luxury  Exotic",0.146203216055994,0.194892179718185,0.925828495026309,0.203983582391422,0.903566288602163,0.153447460746069,27416.7238813252,0.848112173572315,10885.0191333676,23781.0394732079,0.83379438178855,10125.5927617726,-1379.34865248905,0.096763802341497,0.0417721562957479,1.01983143778796e-05,170.765124436235,0.204208000556173,171.604735421508,-12951.2689010702,-1316.16854971359,0.902926261317725,0.903566288602163,0.903377572924281,0.212750161843545,0.903759390435531,0.161060323745344,4787.9768058586,8,4088,6,"train_rmse_orig  train_rsq_orig","Yes",6
"Engine_Cylinders  Engine_HP  Transmission_Type  Luxury  Diesel  Exotic",0.140204301760196,0.189569941436874,0.929599504833097,0.197399403356502,0.909691189174036,0.148465970810159,26577.9512134247,0.860244994376121,10119.4775651914,24108.4502806129,0.830057394442984,9887.55503511721,-1640.19713275297,0.0906179363397937,0.0391573497366172,9.55993173996753e-06,159.919130922613,0.19771333006332,161.225219762547,-13186.845340224,-1551.74498886732,0.908797768233031,0.909691189174036,0.909425835175527,0.21307219230386,0.904299520236485,0.159016772294031,3428.21737861433,12,4084,6,"train_mae_orig","Yes",6
"Engine_Cylinders  Engine_HP  Transmission_Type  Driven_Wheels  Luxury  Hybrid  Exotic",0.136490303117532,0.186595964787842,0.931862413276519,0.196637573945057,0.910386907056282,0.147106158144103,27078.5499290846,0.855480063589488,10144.462938534,24635.41890078,0.822987567100021,9951.17052454915,-1665.88166154142,0.0899637433440846,0.0388937287856224,9.49557999496432e-06,158.725969268911,0.197022666258007,160.182282686991,-13193.5758381797,-1558.47548682312,0.909387739138472,0.910386907056282,0.910057527885943,0.207093347422598,0.909760815177999,0.154083562377029,2763.94802415022,15,4081,7,"val_mae  val_rmse  val_rsq","Yes",7
"Age  Engine_Cylinders  Engine_HP  Transmission_Type  Luxury  Diesel  Exotic",0.142558692396942,0.189197829252053,0.929891867350934,0.193630511552781,0.913106750643636,0.14509155715988,26319.8979076862,0.861653313921211,10253.6167812846,24363.4638988495,0.826126209153343,9882.7646265967,-1796.15566543286,0.0872332571797202,0.0376947933853065,9.20286990112773e-06,153.908483391778,0.193962192593841,155.273284348151,-13336.4858626263,-1701.38551126966,0.912164671958921,0.913106750643636,0.912830088326312,0.209120638445415,0.90789412778867,0.1547038423414,3300.43773028629,13,4083,7,"rmse  aic  apc  fpe  hsp  msep  sbc_SAS  sbc_R  press  pred_rsq  rsq  adj_rsq  train_rmse","Yes",7
"Age  Engine_Cylinders  Engine_HP  Transmission_Type  Driven_Wheels  Luxury  Exotic",0.140731174223807,0.187862934819891,0.930893109797125,0.194001291931214,0.912773650670701,0.144854835185221,26730.9072917377,0.857562137607006,10286.6768791183,24764.539548432,0.820602325520017,9957.09106225239,-1776.48009227213,0.0875676605519124,0.0378578382056784,9.24267593626361e-06,154.498482178012,0.194381221385826,155.981063128423,-13304.1742689105,-1669.07391755384,0.911764294124403,0.912773650670702,0.912453044142905,0.207268036390331,0.909698166927461,0.152013428593286,2847.02141576076,15,4081,7,"train_mae","Yes",7
"Age  highway_MPG  Engine_Cylinders  Engine_HP  Luxury  Flex_Fuel  Exotic",0.148964464887264,0.194958963555092,0.925519436088437,0.201560663539543,0.905843564056244,0.152798842823499,25097.3136106276,0.871740329740046,10356.758527243,24169.8496476237,0.827798383059857,10098.8230129095,-1469.2597114946,0.0945248641597256,0.0408356042997274,9.96967273073879e-06,166.773303622776,0.201881207949775,168.102653594405,-13015.9079189656,-1380.80756760895,0.904907326556358,0.905843564056244,0.905566904597056,0.215116132622642,0.902669278194112,0.160517853861592,3274.21866114351,12,4084,7,"val_rmse_orig","Yes",7
"Engine_Cylinders  Engine_HP  Vehicle_Size  Factory_Tuner  Luxury  Flex_Fuel  Exotic",0.145075959521198,0.193384206147732,0.926715140426263,0.205048861239545,0.902556432456362,0.156220998378346,25314.9997545212,0.871752962832133,9878.4569768623,23833.0226570817,0.832984473943495,10057.9575086755,-1326.66785905537,0.0978248580989562,0.0422715823437616,1.03202548120634e-05,172.595590658817,0.205400101440373,174.06925532125,-12866.9980562488,-1231.89770489217,0.901532126359053,0.902556432456363,0.902246178628768,0.21411672791108,0.903138487182754,0.161844355598289,2909.0904033479,13,4083,7,"val_rsq_orig  val_mae_orig","Yes",7
"Engine_Cylinders  Engine_HP  Transmission_Type  Vehicle_Size  Luxury  Flex_Fuel  Exotic",0.13986862554125,0.18862113275174,0.930302654998127,0.199922507240093,0.907367831359844,0.150689211369312,25587.6088418242,0.86947325422919,9928.87311393914,23455.7161480573,0.83852355758967,9850.2860954966,-1532.12740701346,0.0929946324939691,0.0401942139978645,9.81308262972526e-06,164.07346594012,0.200289494957466,165.50028116757,-13066.1395939293,-1431.03924257271,0.906379442231347,0.907367831359844,0.907050131614386,0.211290657369534,0.905643721608627,0.158463631740892,2856.05463753185,14,4082,7,"train_rmse_orig  train_rsq_orig","Yes",7
"Engine_Cylinders  Engine_HP  Transmission_Type  Vehicle_Style  Vehicle_Size  Luxury  Exotic",0.1394554980961,0.188796196868067,0.930272941131735,0.19639491496242,0.910607943190414,0.14815394191275,26304.2106781981,0.862534380992182,10043.036035375,23671.5309949721,0.835677903590032,9782.54325300592,-1671.99964421451,0.0897418423094523,0.038816818231873,9.47680292374007e-06,158.334462029499,0.196827768244853,159.858037777375,-13187.0578002978,-1551.95744894112,0.909571158701736,0.910607943190414,0.910235384973752,0.207971833652588,0.908477676236133,0.15576374540876,2444.20308683557,17,4079,7,"train_mae_orig","Yes",7
"Engine_Cylinders  Engine_HP  Transmission_Type  Driven_Wheels  Luxury  Hybrid  Diesel  Exotic",0.133941918674408,0.184896884824012,0.9330766107656,0.192669356864146,0.913967261395867,0.143522693950851,27143.681276506,0.855126408444768,10061.3996430974,24608.1213265941,0.823471262447989,9820.8936076758,-1830.93081662802,0.0864115520324292,0.0373580395322709,9.12066403529575e-06,152.421600579733,0.193070334107169,153.897945399095,-13352.3069829888,-1717.20663163218,0.912942676676635,0.913967261395867,0.913629878107223,0.205208161433981,0.911391383662407,0.152795143533922,2708.98794386106,16,4080,8,"val_mae","Yes",8
"Engine_Cylinders  Engine_HP  Transmission_Type  Vehicle_Style  Driven_Wheels  Luxury  Hybrid  Exotic",0.135780584803562,0.184850208623891,0.93321853480013,0.193556358341228,0.913173291599993,0.144051268280031,26657.1515505683,0.858940384529249,10067.1279486664,24239.0685775793,0.827908421841245,9765.66092669545,-1787.29426061847,0.0872090177814159,0.0377305484880622,9.21160909232896e-06,153.828252850282,0.194030529454384,155.396647207654,-13289.7163961466,-1654.61604478999,0.91209488778917,0.913173291599993,0.912768654008725,0.204361904477432,0.911986894811868,0.151758674791839,2256.76830651877,19,4077,8,"val_rmse  val_rsq","Yes",8
"Age  Engine_Cylinders  Engine_HP  Transmission_Type  Vehicle_Style  Luxury  Diesel  Exotic",0.140779703537682,0.188335498601452,0.930600322796931,0.190900650947163,0.915539573371669,0.142433929033094,26374.2026782377,0.861195862648737,10238.8513954958,24288.8366173974,0.827074403703898,9773.9628477166,-1904.49918072994,0.0848323169608432,0.0366842849552829,8.95617228958619e-06,149.635983013086,0.191321394902762,151.120839095405,-13419.5573368132,-1784.45698545655,0.914513636189817,0.915539573371669,0.915187568651718,0.20542773973033,0.911082944091557,0.15091358681763,2600.92982133353,17,4079,8,"rmse  aic  fpe  hsp  press  pred_rsq  adj_rsq","Yes",8
"Age  Engine_Cylinders  Engine_HP  Transmission_Type  Vehicle_Style  Driven_Wheels  Luxury  Exotic",0.138891079495385,0.185798111007996,0.93247624748283,0.190866986491202,0.915569359164392,0.142283958923485,26288.6056339644,0.861373171509342,10129.5705592621,24382.7626297875,0.825452493567593,9782.55976555001,-1901.94428254478,0.0848024000173695,0.0366893372630238,8.95740576977102e-06,149.58321242511,0.191334569226405,151.16203259806,-13404.3664180729,-1769.26606671629,0.914490333759949,0.915569359164392,0.915175887941464,0.203444880500527,0.912851154461487,0.14995007495548,2326.90297489035,19,4077,8,"apc  msep  rsq  train_rmse","Yes",8
"Age  Engine_Cylinders  Engine_HP  Transmission_Type  Driven_Wheels  Luxury  Diesel  Exotic",0.138319124940131,0.186563046533983,0.931828060889279,0.190985018791156,0.915464902922299,0.142022077981182,26778.763333098,0.857375958794069,10197.2736938364,24698.2835153767,0.82162829852689,9837.68371926134,-1902.87867239611,0.0849073161939926,0.0367077178959105,8.96189325303874e-06,149.768274389529,0.191382490644179,151.265274834083,-13424.2548387569,-1789.15448740026,0.9144319314681,0.915464902922299,0.91513339273768,0.206020869523728,0.910815623494451,0.151359830664207,2761.49857650975,16,4080,8,"sbc_SAS  sbc_R  train_mae","Yes",8
"Age  Engine_Cylinders  Engine_HP  Number_of_Doors  Vehicle_Size  Luxury  Flex_Fuel  Exotic",0.146160579468341,0.192260247391621,0.927596608911654,0.200720565494786,0.906626810072177,0.152099335717136,24832.9409341446,0.87436020713537,10164.0208166217,24177.1276632808,0.827820157027429,10081.6296658215,-1499.48339825382,0.0937843243257439,0.0405256219166872,9.89400372587095e-06,165.426456148526,0.201089018167663,166.924821820193,-13033.4955851697,-1398.39523381307,0.905573604987315,0.906626810072177,0.906306568852434,0.211361623006139,0.905722265770023,0.158815060962183,2831.07468426687,14,4082,8,"val_rmse_orig  val_rsq_orig","Yes",8
"Engine_Cylinders  Engine_HP  Vehicle_Size  Factory_Tuner  Luxury  Flex_Fuel  Diesel  Exotic",0.143275875195399,0.191822043571084,0.927881642583049,0.200659102903523,0.906683984876671,0.152287850207308,25380.9597113867,0.87149286808736,9807.19677907653,23776.3242580614,0.833805120833111,9906.12802408865,-1501.99286505745,0.0937268977730891,0.0405008070366142,9.88794537304903e-06,165.325161276885,0.201027442752604,166.810539045188,-13036.0050519733,-1400.9047006167,0.905638252715184,0.906683984876671,0.90636393974886,0.21157424889089,0.905472782454986,0.160120118394633,2832.98793228512,14,4082,8,"val_mae_orig","Yes",8
"Engine_Cylinders  Engine_HP  Transmission_Type  Vehicle_Size  Luxury  Flex_Fuel  Exotic  Popularity",0.139815076162025,0.188483042790714,0.930413716980123,0.198606560353602,0.908583280571373,0.149597585688591,25572.3014809319,0.869302057909346,9944.47376071907,23303.6366634497,0.840414090849992,9770.6964593537,-1584.24094027607,0.0918192392304159,0.0396862012345986,9.68906593680428e-06,161.960236546396,0.19899550870238,163.386529825599,-13111.9351169144,-1476.83476555777,0.907575153671977,0.908583280571374,0.908247272046152,0.210116251547148,0.906708984266137,0.158246083404367,2704.04829750116,15,4081,8,"train_rmse_orig  train_rsq_orig","Yes",8
"Engine_Cylinders  Engine_HP  Transmission_Type  Vehicle_Style  Vehicle_Size  Luxury  Diesel  Exotic",0.137139278714841,0.186613432816029,0.931854849447857,0.192640935016279,0.913992641965917,0.144970190218031,26321.7344217241,0.862469116170848,9948.33721651337,23646.3684209464,0.836039031885698,9661.74015443612,-1828.13965338504,0.0863860597084017,0.0373653348551357,9.12244512953176e-06,152.376634591513,0.193089184690382,153.916154571446,-13336.8797991907,-1701.7794478341,0.912932376072551,0.913992641965917,0.913613011646002,0.206185000895209,0.910084907594209,0.154723567103459,2407.58599621465,18,4078,8,"train_mae_orig","Yes",8
"Engine_Cylinders  Engine_HP  Transmission_Type  Vehicle_Style  Driven_Wheels  Luxury  Hybrid  Diesel  Exotic",0.132808595185512,0.182709196306049,0.93472691704747,0.189711739221115,0.916588320982752,0.140775220779534,26711.5477735821,0.858642886026288,9973.03302197771,24212.449018601,0.828352143425034,9646.77943256902,-1949.69023294135,0.0838198594871147,0.036264269921742,8.85363955867862e-06,147.814115492932,0.190199819234301,149.401257031657,-13445.7943581919,-1810.69400683532,0.915486373098788,0.916588320982752,0.916179038946357,0.202242669441237,0.913806556319611,0.150450715603255,2239.50293312831,20,4076,9,"val_mae  val_rmse","Yes",9
"Age  Engine_Cylinders  Engine_HP  Transmission_Type  Vehicle_Style  Driven_Wheels  Luxury  Diesel  Exotic",0.136234491027004,0.18419503301892,0.933608251969793,0.187964753741746,0.918117462578367,0.139655315231549,26329.6586091751,0.861202090157195,10026.0848979688,24317.2243856826,0.826434282968332,9671.5901981205,-2025.49532741011,0.0822832349377649,0.0355994565020229,8.69133053095886e-06,145.104318554633,0.188448339205995,146.699310585356,-13521.5994526607,-1886.49910130408,0.917014816020935,0.918117462578367,0.917715683690136,0.202068151356255,0.914059633347289,0.148993871197864,2285.131174062,20,4076,9,"rmse  aic  apc  fpe  hsp  msep  sbc_SAS  sbc_R  press  pred_rsq  rsq  adj_rsq  train_rmse  train_mae","Yes",9
"Engine_Cylinders  Engine_HP  Transmission_Type  Vehicle_Style  Vehicle_Size  Driven_Wheels  Luxury  Hybrid  Exotic",0.133879412701562,0.18274652470063,0.93474386407865,0.191539415180223,0.914973409141972,0.143290532160343,26365.3480968952,0.861493969357269,9856.27346063898,23847.3159944442,0.833101197797221,9641.18508841589,-1869.12736769894,0.085442674003896,0.0369754445300759,9.02726731015579e-06,150.675906169687,0.192055758125854,152.34322960547,-13358.913482672,-1723.81313131536,0.913822151676581,0.914973409141972,0.914535235299513,0.20128519356988,0.914436178215385,0.15039053361426,2088.15159756717,21,4075,9,"val_rsq","Yes",9
"Age  highway_MPG  Engine_Cylinders  Engine_HP  Number_of_Doors  Vehicle_Size  Luxury  Flex_Fuel  Exotic",0.144655254760967,0.192087920704175,0.927719359404843,0.19959153327723,0.907674284678605,0.150633250687398,24464.8577720646,0.877998906666309,10093.1926366854,23855.177048429,0.832172578726682,9985.25001149282,-1543.70390744694,0.0927775172069905,0.0400905797844914,9.78780336337416e-06,163.610709055051,0.199982410583398,165.126099315201,-13071.3980840853,-1436.29773272864,0.906591110232626,0.907674284678605,0.90733493507561,0.210796641908221,0.906196799913454,0.15821196780189,2674.74685889958,15,4081,9,"val_rmse_orig","Yes",9
"Age  Engine_Cylinders  Engine_HP  Transmission_Type  Number_of_Doors  Vehicle_Size  Luxury  Flex_Fuel  Exotic",0.140257516264107,0.186060539128405,0.932189627587592,0.194543761837121,0.912285160884872,0.146458368752848,24540.5614534709,0.878092143291081,9894.12151287702,23543.013138491,0.836896250977229,9795.13783564324,-1751.59985609854,0.0881440773784758,0.0380977351796118,9.30126584680106e-06,155.439759901326,0.194948640031238,156.954853536534,-13272.9760224593,-1637.8756711027,0.911213438255676,0.912285160884872,0.911941181123636,0.205100293951858,0.911055228981744,0.152894483500993,2652.14778220485,16,4080,9,"val_rsq_orig","Yes",9
"Engine_Cylinders  Engine_HP  Transmission_Type  Number_of_Doors  Vehicle_Style  Vehicle_Size  Luxury  Flex_Fuel  Exotic",0.137305867145471,0.186076281547317,0.932240972534237,0.195115024223847,0.911769269167364,0.147474652428595,25026.2513328555,0.874221255755817,9757.37081706508,23175.876590182,0.842105796882747,9679.31280819702,-1721.57408012277,0.0886624936456168,0.0383500041913225,9.36285536470203e-06,156.353973340163,0.195593013730482,157.940802430103,-13223.9962156509,-1588.89586429428,0.910655704548541,0.911769269167364,0.911358088425196,0.206330573666187,0.909857501967536,0.156225403158638,2217.44156683829,19,4077,9,"val_mae_orig  train_rmse_orig  train_rsq_orig","Yes",9
"Engine_Cylinders  Engine_HP  Transmission_Type  Vehicle_Style  Vehicle_Size  Driven_Wheels  Luxury  Diesel  Exotic",0.134933088139846,0.183831557313328,0.933851857842241,0.189783254834614,0.91652542174647,0.142374253157824,26365.0976831022,0.861657242360806,9830.2090811552,23735.4343197058,0.834643747206379,9570.91993112834,-1944.60192372449,0.0838830665248951,0.0363005220688962,8.86249023855786e-06,147.925579440016,0.190294863605793,149.577443375389,-13434.3880386975,-1799.28768734092,0.915386707625987,0.91652542174647,0.916095246005777,0.203217748886849,0.912824282226688,0.152932500633404,2130.58370114014,21,4075,9,"train_mae_orig","Yes",9
"Engine_Cylinders  Engine_HP  Transmission_Type  Vehicle_Style  Vehicle_Size  Driven_Wheels  Luxury  Hybrid  Diesel  Exotic",0.130769057539789,0.180499006347519,0.93631531011079,0.18790798333678,0.918166916560881,0.140051026104803,26391.2391967468,0.861402966665735,9744.76154443561,23823.6876729448,0.833473950687411,9517.03486847509,-2023.97050933175,0.0822736923073665,0.0356040886373506,8.69247282653694e-06,145.052180786247,0.188437659443126,146.72681674528,-13507.4386140273,-1872.33826267063,0.91699925627677,0.918166916560881,0.917725009875643,0.199280255449079,0.916123576271357,0.149075082042408,2077.73936722834,22,4074,10,"val_mae  val_rmse  val_rsq","Yes",10
"Age  Engine_Cylinders  Engine_HP  Transmission_Type  Vehicle_Style  Driven_Wheels  Luxury  Hybrid  Diesel  Exotic",0.132806059734756,0.181378616448368,0.935710822464007,0.186145448474289,0.919694868914663,0.137235443751608,26371.1264408169,0.860841334593622,9966.01668923231,24389.0039784863,0.825475904522327,9612.56967423668,-2103.19112180248,0.0807375130931388,0.0349307302511529,8.52807739616483e-06,142.343828470299,0.1866472506182,143.962385159725,-13592.9772367755,-1957.8768854189,0.918563045927924,0.919694868914663,0.91928102652134,0.198215692497779,0.917230637580626,0.145652192774075,2222.33121534357,21,4075,10,"rmse  aic  apc  fpe  hsp  msep  sbc_SAS  sbc_R  press  pred_rsq  rsq  adj_rsq  train_rmse  train_mae","Yes",10
"Age  highway_MPG  Engine_Cylinders  Engine_HP  Transmission_Type  Number_of_Doors  Vehicle_Size  Luxury  Flex_Fuel  Exotic",0.139318999183484,0.186256117244666,0.932025784288406,0.193340582666843,0.913366771667775,0.145083616278421,24159.8952277617,0.881686278307045,9833.6425273385,23214.3492737568,0.841196649030158,9697.03502807009,-1800.43398684436,0.0870996823271609,0.0376463413487769,9.19107360185272e-06,153.560615951751,0.193766704218161,155.083723743471,-13315.4921429276,-1680.39179157097,0.912271903012644,0.913366771667775,0.913005711387891,0.20418304251414,0.911818241331884,0.152570850287306,2529.67945396987,17,4079,10,"val_rmse_orig  val_rsq_orig","Yes",10
"Engine_Cylinders  Engine_HP  Transmission_Type  Number_of_Doors  Vehicle_Style  Vehicle_Size  Luxury  Flex_Fuel  Diesel  Exotic",0.135195423635845,0.183966312911216,0.933748804365059,0.19136758171098,0.915125898491885,0.144259234007946,25101.8688616076,0.873590562693289,9678.29820331048,23171.7394381339,0.842184104011173,9560.80393341274,-1878.48165243611,0.0853310839440369,0.0369090610557568,9.01107211444223e-06,150.442498298191,0.191859921785391,152.049487315668,-13374.5857776867,-1739.48542633008,0.913988316451755,0.915125898491885,0.914709440682719,0.204332204194267,0.911615379045254,0.155062266423228,2197.4036225269,20,4076,10,"val_mae_orig","Yes",10
"Engine_Cylinders  Engine_HP  Transmission_Type  Number_of_Doors  Vehicle_Style  Vehicle_Size  Luxury  Flex_Fuel  Exotic  Popularity",0.138042125885658,0.185862168443067,0.932422160938859,0.193520809347846,0.913205182245825,0.146110213170462,25080.8060537312,0.873412787355522,9826.9296267124,23025.4157202804,0.84395682282351,9582.15568920766,-1786.79932718871,0.0872621417851565,0.0377443197735159,9.2149943038627e-06,153.84703920578,0.194018689128855,155.430223287426,-13282.9034524393,-1647.80310108268,0.912075894399589,0.913205182245825,0.912779299921222,0.204952671645703,0.911072537592853,0.155720519326743,2144.26645458043,20,4076,10,"train_rmse_orig  train_rsq_orig","Yes",10
"Engine_Cylinders  Engine_HP  Transmission_Type  Vehicle_Style  Vehicle_Size  Driven_Wheels  Luxury  Diesel  Exotic  Popularity",0.134979179561788,0.18395182238473,0.933786756874633,0.188648117927583,0.917520996396161,0.141419316514595,26449.6049103761,0.860503504655953,9851.15891064032,23655.9876687587,0.835609784496515,9504.65636206417,-1991.75926311041,0.0829230902605411,0.0358851167720716,8.76108375067649e-06,146.197098276448,0.189179880329578,147.849061607854,-13475.2273678059,-1840.12701644929,0.916364422370471,0.917520996396161,0.917075601678614,0.20195554341095,0.913904913337683,0.151901911582279,2060.01768824382,22,4074,10,"train_mae_orig","Yes",10
"Engine_Cylinders  Engine_HP  Transmission_Type  Number_of_Doors  Vehicle_Style  Vehicle_Size  Driven_Wheels  Luxury  Hybrid  Diesel  Exotic",0.129039922263529,0.178482279794468,0.937725625890734,0.18688952861372,0.919051577552823,0.139547128192099,26012.7330229265,0.864698111343002,9601.18391931987,23865.426198508,0.833027631920044,9502.73249556045,-2066.50249407043,0.0814240068140638,0.0352364111160148,8.60271940397388e-06,143.519219533601,0.187439339643068,145.239188530164,-13543.6525884884,-1908.55223713176,0.917840781029894,0.919051577552823,0.91859446640225,0.198157158178646,0.917073864424917,0.149191687940249,2010.56477489152,23,4073,11,"val_mae  val_rmse  val_rsq  val_mae_orig","Yes",11
"Age  Engine_Cylinders  Engine_HP  Transmission_Type  Vehicle_Style  Vehicle_Size  Driven_Wheels  Luxury  Hybrid  Diesel  Exotic",0.131796660103763,0.179471816297397,0.937078268348519,0.184578338474814,0.92104131319819,0.136817876084276,26147.9165923443,0.862793993956758,9824.2730188947,24046.8575091428,0.830076309998996,9495.28071151674,-2168.46628715665,0.0794225811673528,0.0343702899354803,8.39126207191344e-06,139.991475591615,0.185121350204925,141.69627773069,-13645.6163815746,-2010.51603021798,0.919844942490113,0.92104131319819,0.920595437971959,0.195296097948386,0.919449288247935,0.14493048418004,2065.69295401852,23,4073,11,"rmse  aic  apc  fpe  hsp  msep  sbc_SAS  sbc_R  press  pred_rsq  rsq  adj_rsq  train_rmse","Yes",11
"Age  city_mpg  Engine_Cylinders  Engine_HP  Transmission_Type  Vehicle_Style  Driven_Wheels  Luxury  Hybrid  Diesel  Exotic",0.133102274972444,0.181292702725961,0.935718195716214,0.185054386430606,0.920633501602128,0.136337873343129,26050.7504741472,0.863756864070286,9960.49112779569,24099.7252939939,0.829220481896896,9533.13136187586,-2149.36026031638,0.0798327887189365,0.0345393280500709,8.43253152650153e-06,140.714513795625,0.185576018801547,142.368235961674,-13632.8283650119,-1997.72801365525,0.919464827701557,0.920633501602128,0.920204914718291,0.19677341706263,0.918400768223373,0.144508284300503,2148.06737284944,22,4074,11,"train_mae","Yes",11
"Age  highway_MPG  Engine_Cylinders  Engine_HP  Transmission_Type  Number_of_Doors  Vehicle_Size  Luxury  Flex_Fuel  Hatchback  Exotic",0.138540267068655,0.18544451931376,0.932614047117146,0.192439771299925,0.914172173136367,0.144128815974963,24026.8467034999,0.882787824257394,9796.84071518454,23160.5334570447,0.84181788092643,9657.33587700278,-1836.70064132711,0.0863320784780096,0.0373145822608798,9.11009012268431e-06,152.170262907492,0.192887552892981,153.67975517519,-13345.4407871328,-1710.34043577618,0.913066102995416,0.914172173136367,0.913793335254183,0.203673854997777,0.912228685441544,0.15169260961182,2413.095986776,18,4078,11,"val_rmse_orig  val_rsq_orig","Yes",11
"Engine_Cylinders  Engine_HP  Transmission_Type  Number_of_Doors  Vehicle_Style  Vehicle_Size  Luxury  Flex_Fuel  Hatchback  Exotic  Popularity",0.137680351428972,0.185383211811679,0.9327589112869,0.19304253328935,0.913633669355842,0.145629220487614,24971.3215792175,0.874268796710357,9796.91985602699,22938.5748620247,0.844997314143023,9541.31928409784,-1805.07541439502,0.0868737460506356,0.0375763458596036,9.1739978453687e-06,153.125014587147,0.193562928270074,154.704129870004,-13294.8615293681,-1659.76117801144,0.912486632497746,0.913633669355842,0.91318859133289,0.204927443142769,0.911086824520897,0.155225902255408,2052.74945569581,21,4075,11,"train_rmse_orig  train_rsq_orig","Yes",11
"Engine_Cylinders  Engine_HP  Transmission_Type  Vehicle_Style  Vehicle_Size  Driven_Wheels  Factory_Tuner  Luxury  Diesel  Exotic  Popularity",0.134760084007659,0.183179468307505,0.93436934402935,0.187419196340298,0.918592091943506,0.140552422756252,26570.5094249154,0.861587464906438,9817.46111093535,23618.6449937312,0.836248455146594,9442.02649315721,-2043.31254438939,0.0818861919716362,0.035436422720223,8.65155081597202e-06,144.333874273527,0.187970565601186,146.055706808131,-13520.4626388073,-1885.36228745071,0.91737889120063,0.918592091943506,0.918132386103757,0.199401546424751,0.916040061352907,0.150201083267254,1998.21714782704,23,4073,11,"train_mae_orig","Yes",11
"Engine_Cylinders  Engine_HP  Transmission_Type  Number_of_Doors  Vehicle_Style  Vehicle_Size  Driven_Wheels  Luxury  Hatchback  Hybrid  Diesel  Exotic",0.128665351746232,0.177839805480532,0.938158332544992,0.186394990849913,0.919479414111738,0.138919672764237,25960.9918131281,0.865043588203089,9581.03418898418,23824.0461208628,0.833487383264997,9466.79757361586,-2086.21378717869,0.0810332047014582,0.035067315973303,8.56144929111582e-06,142.795642300569,0.186966300320742,144.503051356917,-13557.0458713191,-1921.94551996247,0.918257200701616,0.919479414111738,0.919004833055422,0.198308799222292,0.916958647163661,0.148785328560386,1937.45494447155,24,4072,12,"val_mae","Yes",12
"Age  Engine_Cylinders  Engine_HP  Transmission_Type  Number_of_Doors  Vehicle_Style  Vehicle_Size  Driven_Wheels  Luxury  Hybrid  Diesel  Exotic",0.130603966440774,0.177041940908144,0.938769356414473,0.183115344303004,0.922288028289887,0.136108424119896,25708.6766735526,0.86671062303922,9720.44358108212,24120.1516356588,0.829185368685597,9489.72071828015,-2231.67185399687,0.0782067100216857,0.0338441435417348,8.2628199704363e-06,137.81483073395,0.18367660150191,139.559523845326,-13702.5039381373,-2067.40358678065,0.921053666059347,0.922288028289887,0.921830000951713,0.193606702320464,0.920837117873845,0.143771956388481,2013.60912640637,24,4072,12,"val_rmse  rmse  aic  apc  fpe  hsp  msep  sbc_SAS  sbc_R  press  pred_rsq  val_rsq  rsq  adj_rsq  train_rmse","Yes",12
"Age  city_mpg  Engine_Cylinders  Engine_HP  Transmission_Type  Vehicle_Style  Driven_Wheels  Luxury  Hatchback  Hybrid  Diesel  Exotic",0.132328596667967,0.180695232312339,0.936129247343311,0.184656947095531,0.92097404468549,0.135555633781296,26040.175366108,0.863778948207913,9944.66641605221,24113.2564845785,0.828983320336214,9511.70857350132,-2164.97735165638,0.0795290588498129,0.0344079433181286,8.40046789306637e-06,140.145056361253,0.185200190084649,141.788467584076,-13642.1274460743,-2007.02709471771,0.919792792334031,0.92097404468549,0.920527789597782,0.196665327697556,0.918467428981609,0.144300043324409,2063.78385379574,23,4073,12,"train_mae","Yes",12
"Age  highway_MPG  Engine_Cylinders  Engine_HP  Transmission_Type  Number_of_Doors  Vehicle_Size  Performance  Luxury  Flex_Fuel  Hatchback  Exotic",0.138544181192774,0.185598404376054,0.932494033726164,0.192267155036308,0.914326077229269,0.144095076191603,23995.143882892,0.882904931940755,9802.29586515736,23137.6796482039,0.84202307034448,9663.65711167746,-1842.05386354467,0.0862193493113874,0.0372658739520865,9.09821243156441e-06,151.93459778637,0.192738167880878,153.476409843325,-13344.4759990728,-1709.37564771619,0.913181131823492,0.914326077229269,0.913926811952682,0.203704634912338,0.912192610344574,0.151523584803659,2290.02152415017,19,4077,12,"val_rmse_orig","Yes",12
"Age  highway_MPG  Engine_Cylinders  Engine_HP  Transmission_Type  Number_of_Doors  Vehicle_Size  Factory_Tuner  Luxury  Flex_Fuel  Hatchback  Exotic",0.137943821982975,0.185263408696824,0.932755834472931,0.19189112141174,0.914660869426261,0.143674627736115,24030.3672070414,0.883507003021526,9697.95577271649,23109.5492824084,0.842565406728646,9589.81178699963,-1858.09527508106,0.0858824257243065,0.0371202482656493,9.06265889986938e-06,151.340875494371,0.192361213055456,152.916569953344,-13360.5174106092,-1725.41705925258,0.913497823265895,0.914660869426261,0.914263164378211,0.201808967943697,0.913794823252943,0.150194725981659,2299.84727101225,19,4077,12,"val_rsq_orig","Yes",12
"Engine_Cylinders  Engine_HP  Transmission_Type  Number_of_Doors  Vehicle_Style  Vehicle_Size  Driven_Wheels  Luxury  Flex_Fuel  Hybrid  Diesel  Exotic",0.129126498684052,0.177959408586958,0.938071381914704,0.18666331585846,0.919247420343696,0.139533832636422,25455.7272585143,0.870116613897368,9524.45463347492,23540.4689580658,0.837280473358065,9457.0775238868,-2074.42659220329,0.0812666754131758,0.0351683509903491,8.58611631084798e-06,143.207061302951,0.187235447758143,144.954392110327,-13545.2586763437,-1910.15832498707,0.918001885285957,0.919247420343696,0.918771471937077,0.197751768222177,0.917400635285215,0.149598459975099,1931.40140309402,24,4072,12,"val_mae_orig","Yes",12
"Engine_Cylinders  Engine_HP  Transmission_Type  Number_of_Doors  Vehicle_Style  Vehicle_Size  Factory_Tuner  Luxury  Flex_Fuel  Hatchback  Exotic  Popularity",0.137638603278591,0.18478566446011,0.933224517947299,0.191863391278291,0.914685532312935,0.144609879769233,25036.8578374965,0.875293714835268,9747.88846404655,22901.2752807018,0.845586112318555,9460.79610704831,-1853.27947334511,0.085857605826111,0.0371368471653498,9.06671140956766e-06,151.297138197818,0.192404216911337,152.940881196959,-13336.7475780406,-1701.64722668398,0.913484070828912,0.914685532312935,0.914224825810943,0.202426330242256,0.913214657400942,0.153479740988843,1985.39748919977,22,4074,12,"train_rmse_orig  train_rsq_orig","Yes",12
"Engine_Cylinders  Engine_HP  Transmission_Type  Vehicle_Style  Vehicle_Size  Driven_Wheels  Factory_Tuner  Luxury  Flex_Fuel  Diesel  Exotic  Popularity",0.13478698623851,0.182486909635348,0.934854569520721,0.1870723620181,0.918893116934965,0.140467829105227,25935.7463781468,0.867757994607358,9740.73664084212,23283.3598072504,0.84063478870407,9388.38218368709,-2056.49024965521,0.0816232344263695,0.0353226527685505,8.62378805198168e-06,143.835384883323,0.187645747663626,145.578373777388,-13527.3223337956,-1892.22198243899,0.917648909984068,0.918893116934965,0.918415080296075,0.198922339855148,0.916429761670743,0.150448412921868,1922.22319834789,24,4072,12,"train_mae_orig","Yes",12
"city_mpg  Engine_Cylinders  Engine_HP  Transmission_Type  Number_of_Doors  Vehicle_Style  Vehicle_Size  Driven_Wheels  Luxury  Hatchback  Hybrid  Diesel  Exotic",0.128435810501845,0.177599699659272,0.938339867807944,0.186316451298075,0.919547256260788,0.138772355851554,25999.7360317831,0.864637507637885,9577.60754471537,23905.1975910859,0.832420301417614,9480.26479759248,-2087.66714559223,0.0810044647347296,0.035054903984262,8.55843326758406e-06,142.710282977002,0.18691047214717,144.443990547733,-13552.1812194551,-1917.08086809847,0.918290610348169,0.919547256260788,0.919053196178872,0.198350258818797,0.916932570581287,0.148568387478092,1861.20532687967,25,4071,13,"val_mae","Yes",13
"Age  Engine_Cylinders  Engine_HP  Transmission_Type  Number_of_Doors  Vehicle_Style  Vehicle_Size  Driven_Wheels  Luxury  Hatchback  Hybrid  Diesel  Exotic",0.129702576393824,0.175847640156332,0.939576325655376,0.182266406819843,0.923006915926192,0.135033518202844,25634.5913008006,0.867244094492831,9681.28407701773,24081.329213398,0.829584049644157,9442.53114781634,-2267.74822881807,0.0775210797520019,0.0335474595920348,8.19040024597708e-06,136.573400791176,0.182847515170643,138.295929027632,-13732.2623026809,-2097.1619513243,0.921768459114631,0.923006915926192,0.922534101604933,0.19353055911526,0.920894792933367,0.143362317659003,1952.15515779751,25,4071,13,"val_rmse  val_rsq  train_mae","Yes",13
"Age  highway_MPG  Engine_Cylinders  Engine_HP  Transmission_Type  Number_of_Doors  Vehicle_Style  Vehicle_Size  Driven_Wheels  Luxury  Hybrid  Diesel  Exotic",0.130758500025437,0.177201744017881,0.938606655649022,0.182220805748525,0.923045436770227,0.136053007593702,25355.4522937372,0.870014367931521,9709.81270834595,23751.8343961379,0.83400146742093,9428.79776328823,-2269.79853493276,0.0774822947434721,0.0335306752733618,8.18630246064669e-06,136.505070982928,0.18280176871234,138.26849303863,-13734.3126087956,-2099.212257439,0.921783979164357,0.923045436770227,0.922572859005367,0.192180241313855,0.921949883785011,0.14307272831219,1953.21385263234,25,4071,13,"rmse  aic  apc  fpe  hsp  msep  sbc_SAS  sbc_R  press  pred_rsq  rsq  adj_rsq  train_rmse","Yes",13
"Age  highway_MPG  Engine_Cylinders  Engine_HP  Transmission_Type  Number_of_Doors  Vehicle_Style  Vehicle_Size  Luxury  Flex_Fuel  Hatchback  Hybrid  Exotic",0.134577106413359,0.180287833278289,0.93643915396097,0.186946929540406,0.91900184519962,0.13959340391651,23936.8189766773,0.883348806665939,9683.99465546298,23028.2416529937,0.843476686430505,9470.48703763712,-2063.98618948479,0.0815536160627881,0.0352752207227871,8.61222220693603e-06,143.677754852547,0.187496909437763,145.304029123058,-13541.1362839027,-1906.03593254611,0.917804101862766,0.91900184519962,0.918544453213268,0.194450709301512,0.919817974136138,0.144939872079493,2009.22157060668,23,4073,13,"val_rmse_orig","Yes",13
"Age  highway_MPG  Engine_Cylinders  Engine_HP  Transmission_Type  Number_of_Doors  Vehicle_Size  Factory_Tuner  Performance  Luxury  Flex_Fuel  Hatchback  Exotic",0.138018682649816,0.185452826040365,0.932606356926172,0.191654978047417,0.914870778769117,0.143558133568673,23967.5940728476,0.883801198719259,9703.63003402988,23076.6581311623,0.842882379193215,9589.55462917944,-1866.1851129101,0.0857130121185791,0.0370470396072555,9.04480059002834e-06,151.005605114618,0.192148057519444,152.612767157145,-13362.2892381607,-1727.18888680407,0.913669679090134,0.914870778769117,0.914453069145806,0.201728816346406,0.913851089277079,0.149795089220263,2190.20756935465,20,4076,13,"val_rsq_orig","Yes",13
"Engine_Cylinders  Engine_HP  Transmission_Type  Number_of_Doors  Vehicle_Style  Vehicle_Size  Driven_Wheels  Luxury  Flex_Fuel  Hatchback  Hybrid  Diesel  Exotic",0.128805463421743,0.177331545918072,0.938493644095148,0.186168382431592,0.919675079788296,0.138917285046686,25401.8008488703,0.870486105466188,9508.26418146589,23499.7489087961,0.837737795803765,9421.79804194532,-2094.18164629673,0.0808757646314758,0.0349992086620708,8.54483560665469e-06,142.483544509997,0.186761931202171,144.21880969706,-13558.6957201596,-1923.59536880297,0.91841799113985,0.919675079788296,0.919181804670317,0.197902434968082,0.917287683215334,0.149213392517456,1864.4262527497,25,4071,13,"val_mae_orig","Yes",13
"Age  highway_MPG  Engine_Cylinders  Engine_HP  Transmission_Type  Number_of_Doors  Vehicle_Style  Vehicle_Size  Luxury  Flex_Fuel  Diesel  Exotic  Popularity",0.136331683987074,0.183132473393103,0.93433250720867,0.185510874857146,0.920241459303087,0.139142850702998,24181.5849911945,0.881221255261712,9655.29581587142,22854.3895687431,0.845849034349753,9368.08546899338,-2127.17235578301,0.080305501054374,0.0347353607566105,8.48041880800399e-06,141.478877955799,0.186056630019659,143.13673838226,-13604.322450201,-1969.22209884434,0.91903009958657,0.920241459303087,0.919791067347273,0.196914898377796,0.917905473500081,0.147801187393216,2043.20136588727,23,4073,13,"train_rmse_orig","Yes",13
"Engine_Cylinders  Engine_HP  Transmission_Type  Number_of_Doors  Vehicle_Style  Vehicle_Size  Factory_Tuner  Performance  Luxury  Flex_Fuel  Hatchback  Exotic  Popularity",0.138191680252172,0.185491609202126,0.932681965041338,0.191372965535192,0.915121122827519,0.144363194162398,24937.668333867,0.875582937257646,9795.739639241,22863.8354271824,0.845872529326836,9461.44167060033,-1872.25113044982,0.0854609512750592,0.0369653004360479,9.02484448795367e-06,150.561534847332,0.191935966405015,152.235253100831,-13349.4012248678,-1714.30087351115,0.913883232059762,0.91512112282752,0.914641816622028,0.202136205356804,0.913441634640477,0.1528715512646,1909.26199649145,23,4073,13,"train_rsq_orig","Yes",13
"Age  highway_MPG  Engine_Cylinders  Engine_HP  Transmission_Type  Vehicle_Style  Vehicle_Size  Luxury  Flex_Fuel  Hybrid  Diesel  Exotic  Popularity",0.134576596542179,0.181796958004508,0.935357123243754,0.184211324444988,0.921355002608604,0.137494038935573,24795.9753247234,0.875640902326097,9781.53271122295,22912.9114097772,0.845051184342549,9325.99074798319,-2184.77538828161,0.0791843213999576,0.0342504054390071,8.36202003203438e-06,139.503630464518,0.184753256455101,141.126772623496,-13661.9254826996,-2026.82513134294,0.920167101373539,0.921355002608604,0.920910898768682,0.193422375747612,0.9207679983306,0.144271005116197,2074.63867632969,23,4073,13,"train_mae_orig","Yes",13
"city_mpg  Engine_Cylinders  Engine_HP  Transmission_Type  Number_of_Doors  Vehicle_Style  Vehicle_Size  Driven_Wheels  Luxury  Hatchback  Hybrid  Diesel  Exotic  Crossover",0.128349137709198,0.17675413184621,0.938933934149031,0.186040026516253,0.91978580347068,0.138542865134324,25797.601497401,0.86638952630926,9576.53023117958,23750.1462945089,0.834356831448803,9459.15901512606,-2097.83304151883,0.080803717816895,0.0349680554567281,8.53724501070105e-06,142.322004182828,0.186656092557063,144.06497510086,-13556.0291051042,-1920.92875374752,0.918505012627662,0.91978580347068,0.919273378627986,0.197800215353122,0.917336806589723,0.148583195222332,1794.96723585068,26,4070,14,"val_mae","Yes",14
"Age  Engine_Cylinders  Engine_HP  Transmission_Type  Number_of_Doors  Vehicle_Style  Vehicle_Size  Driven_Wheels  Luxury  Flex_Fuel  Hatchback  Hybrid  Diesel  Exotic",0.129837909019216,0.174795664830045,0.940268253499832,0.181668300919694,0.923511391350452,0.134807604306595,24722.5247907041,0.876112388139284,9560.60319093192,23598.3900239095,0.836006638855911,9368.60511882837,-2292.68099479984,0.0770507493304608,0.0333439468920904,8.14072845983227e-06,135.711788575736,0.1822698901206,137.448590881053,-13750.8770583852,-2115.77670702853,0.922247783193973,0.923511391350452,0.923022766332052,0.192657222754386,0.921587349378445,0.143632772505007,1890.02068370214,26,4070,14,"val_rmse  val_rsq","Yes",14
"Age  highway_MPG  Engine_Cylinders  Engine_HP  Transmission_Type  Number_of_Doors  Vehicle_Style  Vehicle_Size  Driven_Wheels  Luxury  Hatchback  Hybrid  Diesel  Exotic",0.129420691243904,0.176103744988443,0.93934997086496,0.18136921141382,0.923763037987003,0.134762275642356,25282.9261630687,0.870552737496045,9660.13478943844,23716.419650671,0.834375620089232,9377.31205157458,-2306.18229911324,0.076797253257581,0.0332342456930118,8.113945557487e-06,135.265298363163,0.181969810188681,137.008070664696,-13764.3783626986,-2129.27801134193,0.922496977624778,0.923763037987003,0.923276020539254,0.192063778199542,0.922036479180486,0.142763453647222,1896.7760647116,26,4070,14,"rmse  aic  apc  fpe  hsp  msep  sbc_SAS  sbc_R  press  pred_rsq  rsq  adj_rsq  train_rmse","Yes",14
"Age  city_mpg  Engine_Cylinders  Engine_HP  Transmission_Type  Vehicle_Style  Vehicle_Size  Driven_Wheels  Performance  Luxury  Hatchback  Hybrid  Diesel  Exotic",0.130225755002915,0.178684262255572,0.937531565762053,0.182260436765612,0.923011959591314,0.134463813888809,25891.3764620362,0.864403325311159,9796.19071520998,23834.0653199376,0.832511080288317,9405.14777215108,-2266.01662400067,0.0775538515826841,0.0335616659269499,8.19388328127748e-06,136.59791761509,0.182863986806843,138.346165021685,-13724.212687586,-2089.11233622936,0.92174004150863,0.923011959591314,0.92252014409976,0.19423973096161,0.920287369832937,0.143077035921398,1876.74437963385,26,4070,14,"train_mae","Yes",14
"Age  highway_MPG  Engine_Cylinders  Engine_HP  Transmission_Type  Number_of_Doors  Vehicle_Style  Vehicle_Size  Factory_Tuner  Luxury  Flex_Fuel  Hatchback  Hybrid  Exotic",0.134263390707043,0.180123384691389,0.936564722598837,0.186516454383386,0.919374438098319,0.139274138266335,23893.2631421124,0.884281396598899,9602.74161685288,22979.5366666383,0.844172257614582,9414.74398814372,-2080.87593959478,0.081218106452649,0.0351301204449025,8.57681222407993e-06,143.051879277001,0.187088136145695,144.747578475265,-13551.7080237352,-1916.60767237856,0.918118876071303,0.919374438098319,0.918899238322867,0.192909836470787,0.921062647378124,0.143658121208954,1934.71143210015,24,4072,14,"val_rmse_orig  val_rsq_orig","Yes",14
"Engine_Cylinders  Engine_HP  Transmission_Type  Number_of_Doors  Vehicle_Style  Vehicle_Size  Driven_Wheels  Luxury  Flex_Fuel  Hatchback  Hybrid  Diesel  Exotic  Crossover",0.128582919982369,0.176567456002567,0.939030189476372,0.185914854290506,0.919893707258143,0.138718832034754,25241.7354076353,0.871830245218518,9503.4599062739,23373.3826154824,0.839306354318702,9406.01880972452,-2103.34801825075,0.0806950210079659,0.0349210165809772,8.5257607459323e-06,142.13055324328,0.186530505827196,143.875615845041,-13561.5440818361,-1926.44373047944,0.918612129781924,0.919893707258143,0.919381971727114,0.197385984728624,0.917666492346639,0.149087055470339,1797.59592891332,26,4070,14,"val_mae_orig","Yes",14
"Age  highway_MPG  Engine_Cylinders  Engine_HP  Transmission_Type  Number_of_Doors  Vehicle_Style  Vehicle_Size  Luxury  Flex_Fuel  Hybrid  Diesel  Exotic  Popularity",0.133215360967825,0.179141291229508,0.937225785208027,0.182835363537071,0.922525487621507,0.136968890951267,24089.1668387331,0.88200389757026,9607.55239559983,22775.4000226862,0.846843330118944,9297.20529587224,-2244.20995158505,0.0780438987996967,0.0337571470768228,8.24160885393632e-06,137.461052430588,0.183395762581675,139.122149615801,-13715.0420357255,-2079.94168436883,0.921301080861503,0.922525487621507,0.922068859847174,0.191260577990883,0.922462401099977,0.142860505667205,2020.30086533638,24,4072,14,"train_rmse_orig  train_rsq_orig","Yes",14
"Age  highway_MPG  Engine_Cylinders  Engine_HP  Transmission_Type  Vehicle_Style  Vehicle_Size  Factory_Tuner  Luxury  Flex_Fuel  Hybrid  Diesel  Exotic  Popularity",0.134429929661206,0.181561287023186,0.935546143971053,0.183506346371441,0.921955800725038,0.137109101286468,24775.6172625144,0.876919361337955,9709.64276700947,22864.2343994331,0.845763007089531,9260.22793811896,-2214.19404379098,0.0786177725180411,0.0340053707023927,8.30221119173454e-06,138.471833369254,0.184068802010196,140.168990251271,-13685.0261279314,-2049.92577657476,0.920708901781829,0.921955800725038,0.921495815267622,0.191604524641967,0.922217863028912,0.143324328305565,2004.31510575058,24,4072,14,"train_mae_orig","Yes",14
"city_mpg  Engine_Cylinders  Engine_HP  Transmission_Type  Number_of_Doors  Vehicle_Style  Vehicle_Size  Driven_Wheels  Luxury  Hatchback  Hybrid  Diesel  Exotic  Crossover",0.128349137709198,0.17675413184621,0.938933934149031,0.186040026516253,0.91978580347068,0.138542865134324,25797.601497401,0.86638952630926,9576.53023117958,23750.1462945089,0.834356831448803,9459.15901512606,-2097.83304151883,0.080803717816895,0.0349680554567281,8.53724501070105e-06,142.322004182828,0.186656092557063,144.06497510086,-13556.0291051042,-1920.92875374752,0.918505012627662,0.91978580347068,0.919273378627986,0.197800215353122,0.917336806589723,0.148583195222332,1794.96723585068,26,4070,14,"val_mae","Yes",15
"Age  Engine_Cylinders  Engine_HP  Transmission_Type  Number_of_Doors  Vehicle_Style  Vehicle_Size  Driven_Wheels  Luxury  Flex_Fuel  Hatchback  Hybrid  Diesel  Exotic  Crossover",0.129570049644733,0.174364479277523,0.940567228317077,0.181559589991132,0.923602906047538,0.134737260088378,24626.52910008,0.876958465264362,9549.07951608764,23518.3239986505,0.837030865173675,9356.54512498964,-2295.58577990873,0.0769961400211896,0.0333203386198323,8.13498015173391e-06,135.582639277645,0.182183201802675,137.33126173337,-13747.4638332165,-2112.36348185988,0.922314154200542,0.923602906047538,0.923095970304919,0.192492882504112,0.92169121773093,0.14365240045366,1821.93289681254,27,4069,15,"val_rmse  val_rsq","Yes",15
"Age  highway_MPG  Engine_Cylinders  Engine_HP  Transmission_Type  Number_of_Doors  Vehicle_Style  Vehicle_Size  Driven_Wheels  Performance  Luxury  Hatchback  Hybrid  Diesel  Exotic",0.129286931057766,0.176409752279766,0.939105471292705,0.180689967605587,0.924332997101103,0.134240878606458,25332.4930945099,0.869692790958191,9685.71874453811,23749.8582465593,0.833723928019083,9390.22200968617,-2334.92716413473,0.0762603241664205,0.0330019118332947,8.05723797696736e-06,134.28693983629,0.181310592481594,136.051991460472,-13786.8052174425,-2151.70486608587,0.923037814581301,0.924332997101103,0.923830905904674,0.192239814434094,0.921889382101553,0.142319922629374,1840.9663496889,27,4069,15,"rmse  aic  apc  fpe  hsp  msep  sbc_SAS  sbc_R  press  pred_rsq  rsq  adj_rsq  train_rmse","Yes",15
"Age  city_mpg  Engine_Cylinders  Engine_HP  Transmission_Type  Number_of_Doors  Vehicle_Style  Vehicle_Size  Driven_Wheels  Performance  Luxury  Hatchback  Hybrid  Diesel  Exotic",0.129336501161032,0.176454655512921,0.939080636287333,0.180884523307692,0.924169962344511,0.133966995251037,25483.3297493036,0.868220236852446,9696.51594099484,23908.7940323816,0.831574161384163,9404.90472213605,-2326.10912183936,0.0764246373136554,0.0330730189005327,8.07459838219101e-06,134.576279148157,0.181505816433907,136.360988324354,-13777.9871751471,-2142.8868237905,0.922863020565598,0.924169962344511,0.923666789324924,0.192649254903766,0.921589798401905,0.14223223077805,1836.68425446111,27,4069,15,"train_mae","Yes",15
"Age  highway_MPG  Engine_Cylinders  Engine_HP  Transmission_Type  Number_of_Doors  Vehicle_Style  Vehicle_Size  Factory_Tuner  Luxury  Flex_Fuel  Hatchback  Hybrid  Diesel  Exotic",0.132070897274489,0.177767233571936,0.938171513549719,0.182199327933138,0.923063576504483,0.135977516543345,23871.311173962,0.88461769711012,9507.4312103491,22776.3395446749,0.846842735356322,9251.52093371373,-2270.76439385889,0.0775396985633577,0.0335390802366416,8.18838473238374e-06,136.539792476867,0.182780222420605,138.247349558332,-13735.2784677218,-2100.17811636512,0.92179593965412,0.923063576504483,0.922591110135682,0.190272855005146,0.923209928059956,0.142360631295896,1953.7127665773,25,4071,15,"val_rmse_orig  val_rsq_orig","Yes",15
"city_mpg  Engine_Cylinders  Engine_HP  Transmission_Type  Number_of_Doors  Vehicle_Style  Vehicle_Size  Driven_Wheels  Luxury  Flex_Fuel  Hatchback  Hybrid  Diesel  Exotic  Crossover",0.12847770098689,0.17629434843748,0.939233084347302,0.185826280342594,0.919970017894446,0.138534846006796,25271.9554730045,0.871513913158158,9502.36448443282,23452.6398084506,0.838268231430536,9417.42103408706,-2105.25275127765,0.0806575144327724,0.0349048107138145,8.52182042915685e-06,142.029959961116,0.186464547169053,143.800584249115,-13557.1308045854,-1922.03045322879,0.918654573817738,0.919970017894446,0.919438975988118,0.197460082557638,0.917614218305315,0.148922243954434,1732.38685484391,27,4069,15,"val_mae_orig","Yes",15
"Age  highway_MPG  Engine_Cylinders  Engine_HP  Transmission_Type  Number_of_Doors  Vehicle_Style  Vehicle_Size  Luxury  Flex_Fuel  Hatchback  Hybrid  Diesel  Exotic  Popularity",0.132103720427995,0.17804033644173,0.937985222484669,0.182029316509671,0.923207089309629,0.135726035919473,23942.0636146342,0.883259100842714,9559.60024616701,22700.1034792424,0.84777153720026,9243.01520324485,-2278.41384003133,0.0773950604433954,0.0334765183541406,8.17311058771768e-06,136.285098955358,0.182609668960568,137.931646852617,-13742.9279138942,-2107.82756253756,0.921974527044966,0.923207089309629,0.922735504252577,0.191110099876844,0.922556954767841,0.142597298762794,1957.66824139966,25,4071,15,"train_rmse_orig  train_rsq_orig","Yes",15
"Age  highway_MPG  Engine_Cylinders  Engine_HP  Transmission_Type  Vehicle_Style  Vehicle_Size  Factory_Tuner  Luxury  Flex_Fuel  Hatchback  Hybrid  Diesel  Exotic  Popularity",0.133570001180943,0.180468470717246,0.936308635710347,0.182751169052114,0.922596824201679,0.136113167949003,24593.2822438218,0.878268751300887,9666.81346221976,22788.3197884835,0.846677700480629,9211.94011532797,-2245.98410386059,0.0780101107715007,0.0337425526912104,8.2380614297975e-06,137.368142167007,0.183333822939396,139.053369410943,-13710.4981777235,-2075.39782636682,0.921339988596866,0.922596824201679,0.922121491508248,0.191446259199233,0.922314076035505,0.143007795920231,1940.94964842851,25,4071,15,"train_mae_orig","Yes",15
"city_mpg  Engine_Cylinders  Engine_HP  Transmission_Type  Number_of_Doors  Vehicle_Style  Vehicle_Size  Driven_Wheels  Luxury  Hatchback  Hybrid  Diesel  Exotic  Crossover",0.128349137709198,0.17675413184621,0.938933934149031,0.186040026516253,0.91978580347068,0.138542865134324,25797.601497401,0.86638952630926,9576.53023117958,23750.1462945089,0.834356831448803,9459.15901512606,-2097.83304151883,0.080803717816895,0.0349680554567281,8.53724501070105e-06,142.322004182828,0.186656092557063,144.06497510086,-13556.0291051042,-1920.92875374752,0.918505012627662,0.91978580347068,0.919273378627986,0.197800215353122,0.917336806589723,0.148583195222332,1794.96723585068,26,4070,14,"val_mae","Yes",16
"Age  Engine_Cylinders  Engine_HP  Transmission_Type  Number_of_Doors  Vehicle_Style  Vehicle_Size  Driven_Wheels  Factory_Tuner  Luxury  Flex_Fuel  Hatchback  Hybrid  Diesel  Exotic  Crossover",0.129189225978767,0.174104812092621,0.940748550273869,0.181040277692513,0.924039316055444,0.134350563521134,24679.795738949,0.877287779868209,9504.60786139573,23479.8722076897,0.83763542670172,9304.14868584529,-2317.05654348889,0.0765936896440936,0.0331462008241605,8.09248174850695e-06,134.841187653585,0.18168443260819,136.660928556649,-13762.6165865191,-2127.51623516249,0.92269334972488,0.924039316055444,0.923516479489454,0.190846994893457,0.923000255001532,0.142382459692839,1767.35786317022,28,4068,16,"val_rmse  val_rsq","Yes",16
"Age  highway_MPG  Engine_Cylinders  Engine_HP  Transmission_Type  Number_of_Doors  Vehicle_Style  Vehicle_Size  Driven_Wheels  Factory_Tuner  Performance  Luxury  Hatchback  Hybrid  Diesel  Exotic",0.128986922817806,0.176265014039371,0.939201514542263,0.180056381577703,0.924862716635105,0.133806391577328,25304.850875516,0.870773236677059,9612.83796199095,23671.1630349275,0.834853959844553,9332.4696788332,-2361.70976588445,0.0757634273929353,0.0327869017821442,8.00476065627084e-06,133.379532672211,0.18069703571705,135.215357172855,-13807.2698089147,-2172.16945755804,0.923511083678505,0.924862716635105,0.924345547526399,0.19040440199254,0.923345624255361,0.140774168054111,1788.31778825447,28,4068,16,"rmse  aic  apc  fpe  hsp  msep  sbc_SAS  sbc_R  rsq  adj_rsq  train_rmse","Yes",16
"Age  highway_MPG  Engine_Cylinders  Engine_HP  Transmission_Type  Number_of_Doors  Vehicle_Style  Vehicle_Size  Driven_Wheels  Performance  Luxury  Flex_Fuel  Hatchback  Hybrid  Diesel  Exotic",0.129422980920033,0.175363641516134,0.939803103957421,0.180075252551359,0.924846966146448,0.134022401767027,24404.314423651,0.878763082069297,9562.04384741305,23274.1170646145,0.84009299971616,9316.19279648851,-2360.85103122396,0.0757793091356648,0.0327937746647066,8.00643863671243e-06,133.40749206497,0.180715973835049,135.185049601718,-13806.4110742542,-2171.31072289756,0.923528228131037,0.924846966146448,0.924329688627299,0.191297213542001,0.922632314156498,0.142666489324663,1787.91254579821,28,4068,16,"press  pred_rsq","Yes",16
"Age  city_mpg  Engine_Cylinders  Engine_HP  Transmission_Type  Number_of_Doors  Vehicle_Style  Vehicle_Size  Driven_Wheels  Factory_Tuner  Performance  Luxury  Hatchback  Hybrid  Diesel  Exotic",0.129109468652569,0.17634832044584,0.939155022906695,0.180340205912829,0.924625650919192,0.133569240080991,25477.983628737,0.869065703569375,9655.0855350221,23842.6802199205,0.832540190780892,9354.59479756504,-2348.80366652863,0.0760024686564815,0.0328903477678851,8.03001648441251e-06,133.800358565631,0.180981869920494,135.657900330807,-13794.3637095589,-2159.26335820222,0.923260744905714,0.924625650919192,0.924106850089727,0.190965703933003,0.922927018531283,0.14069635755393,1782.23626179072,28,4068,16,"train_mae","Yes",16
"Age  highway_MPG  Engine_Cylinders  Engine_HP  Transmission_Type  Number_of_Doors  Vehicle_Style  Vehicle_Size  Factory_Tuner  Performance  Luxury  Flex_Fuel  Hatchback  Hybrid  Diesel  Exotic",0.132513104492484,0.178248408045692,0.937805441966411,0.18143399906891,0.923708562410469,0.135394516584158,23834.5103059061,0.884578364690296,9556.5071021128,22775.1453917296,0.846739341846643,9251.87185343246,-2303.25580873989,0.0769271995694444,0.0332741694886037,8.12372466792572e-06,135.428323155707,0.182034812386172,137.159991656318,-13761.4518723252,-2126.35152096858,0.922411038628952,0.923708562410468,0.923221196961494,0.190235718750762,0.923225088502031,0.141675200151894,1895.30990420712,26,4070,16,"val_rmse_orig","Yes",16
"Age  highway_MPG  city_mpg  Engine_Cylinders  Engine_HP  Transmission_Type  Number_of_Doors  Vehicle_Style  Vehicle_Size  Factory_Tuner  Luxury  Flex_Fuel  Hatchback  Hybrid  Diesel  Exotic",0.132117296420944,0.177772157636748,0.938167823566635,0.182195122804318,0.923067127822064,0.135943147135941,23864.0701708838,0.884674758641678,9508.99619579968,22776.2094336743,0.846841338883038,9250.03930395955,-2268.95351213708,0.0775739794460858,0.0335539283171798,8.19202640863639e-06,136.566962214904,0.1827984565603,138.307460275897,-13727.1495757224,-2092.04922436576,0.921761936093119,0.923067127822064,0.922575664756554,0.190257873189608,0.923222725300912,0.142299773441866,1878.20243798765,26,4070,16,"val_rsq_orig","Yes",16
"Age  highway_MPG  Engine_Cylinders  Engine_HP  Transmission_Type  Number_of_Doors  Vehicle_Style  Vehicle_Size  Driven_Wheels  Factory_Tuner  Luxury  Flex_Fuel  Hatchback  Hybrid  Diesel  Exotic",0.129196985003885,0.174813890781499,0.94021157206858,0.180215440206616,0.924729908101225,0.134170197840683,24405.070962919,0.879828700218557,9491.59912906526,23207.6154257125,0.841208276504885,9256.21276382661,-2354.47452620601,0.0758973426645979,0.0328448541083551,8.01890943140899e-06,133.615287006019,0.18085666028852,135.440599004062,-13800.0345692362,-2164.9342178796,0.923383668391222,0.924729908101225,0.924211824872817,0.189413651904642,0.924127847656594,0.141635654445476,1784.9060872747,28,4068,16,"val_mae_orig","Yes",16
"Age  highway_MPG  Engine_Cylinders  Engine_HP  Transmission_Type  Number_of_Doors  Vehicle_Style  Vehicle_Size  Factory_Tuner  Luxury  Flex_Fuel  Hatchback  Hybrid  Diesel  Exotic  Popularity",0.132101984009313,0.17791335113528,0.938084549058009,0.18143600081444,0.923706878967592,0.135328155101177,23932.5074491145,0.883965884775739,9506.57053704203,22654.9582714592,0.848412395229248,9179.50461955819,-2303.16540554934,0.0769288970410112,0.0332749037146894,8.12390392560984e-06,135.431311510011,0.182036820760423,137.149381415785,-13761.3614691347,-2126.26111777803,0.922417040652814,0.923706878967592,0.923219502764437,0.189431490447826,0.923889104268652,0.141442527594218,1895.26462922731,26,4070,16,"train_rmse_orig  train_rsq_orig  train_mae_orig","Yes",16
"city_mpg  Engine_Cylinders  Engine_HP  Transmission_Type  Number_of_Doors  Vehicle_Style  Vehicle_Size  Driven_Wheels  Luxury  Hatchback  Hybrid  Diesel  Exotic  Crossover",0.128349137709198,0.17675413184621,0.938933934149031,0.186040026516253,0.91978580347068,0.138542865134324,25797.601497401,0.86638952630926,9576.53023117958,23750.1462945089,0.834356831448803,9459.15901512606,-2097.83304151883,0.080803717816895,0.0349680554567281,8.53724501070105e-06,142.322004182828,0.186656092557063,144.06497510086,-13556.0291051042,-1920.92875374752,0.918505012627662,0.91978580347068,0.919273378627986,0.197800215353122,0.917336806589723,0.148583195222332,1794.96723585068,26,4070,14,"val_mae","Yes",17
"Age  Engine_Cylinders  Engine_HP  Transmission_Type  Number_of_Doors  Vehicle_Style  Vehicle_Size  Driven_Wheels  Factory_Tuner  Luxury  Flex_Fuel  Hatchback  Hybrid  Diesel  Exotic  Crossover",0.129189225978767,0.174104812092621,0.940748550273869,0.181040277692513,0.924039316055444,0.134350563521134,24679.795738949,0.877287779868209,9504.60786139573,23479.8722076897,0.83763542670172,9304.14868584529,-2317.05654348889,0.0765936896440936,0.0331462008241605,8.09248174850695e-06,134.841187653585,0.18168443260819,136.660928556649,-13762.6165865191,-2127.51623516249,0.92269334972488,0.924039316055444,0.923516479489454,0.190846994893457,0.923000255001532,0.142382459692839,1767.35786317022,28,4068,16,"val_rmse  val_rsq","Yes",17
"Age  highway_MPG  Engine_Cylinders  Engine_HP  Transmission_Type  Number_of_Doors  Vehicle_Style  Vehicle_Size  Driven_Wheels  Performance  Luxury  Flex_Fuel  Hatchback  Hybrid  Diesel  Exotic  Popularity",0.129446628725131,0.175251238373733,0.939890700092851,0.179423260984358,0.925390188371067,0.133543695394356,24414.2802050253,0.878597582974976,9528.47023156222,23146.3573439538,0.841776063576551,9255.02765320239,-2388.57257140445,0.0752682948892027,0.0325726549264825,7.95247040152023e-06,132.475671627259,0.180083797986936,134.25862625776,-13827.8146041571,-2192.7142528005,0.924052289296246,0.925390188371067,0.924858178403711,0.190475430465395,0.923290238760593,0.141915122647688,1739.42265211526,29,4067,17,"rmse  aic  apc  fpe  hsp  msep  sbc_SAS  sbc_R  press  pred_rsq  rsq  adj_rsq  train_rmse","Yes",17
"Age  city_mpg  Engine_Cylinders  Engine_HP  Transmission_Type  Number_of_Doors  Vehicle_Style  Vehicle_Size  Driven_Wheels  Factory_Tuner  Performance  Luxury  Hatchback  Hybrid  Diesel  Exotic  Popularity",0.129355717407805,0.176425487013065,0.939115303524471,0.179773001374032,0.925099038869629,0.133216243175092,25552.7301456939,0.868240118047445,9655.20733767176,23756.9149003286,0.833663627935647,9302.39326651125,-2372.61598187986,0.0755620139866335,0.0326997630378063,7.98350328770581e-06,132.992630789934,0.180434825926882,134.856558404608,-13811.8580146325,-2176.75766327591,0.923714049743414,0.925099038869629,0.92456495284239,0.190230254726508,0.923515893705511,0.140372638613941,1732.11616048468,29,4067,17,"train_mae","Yes",17
"Age  highway_MPG  city_mpg  Engine_Cylinders  Engine_HP  Transmission_Type  Number_of_Doors  Vehicle_Style  Vehicle_Size  Factory_Tuner  Performance  Luxury  Flex_Fuel  Hatchback  Hybrid  Diesel  Exotic",0.132559062965558,0.178258915390009,0.937797938544231,0.181430772473124,0.923711275897946,0.135359425970002,23829.5623735403,0.884618263511904,9558.16510006109,22775.4859519417,0.846733323287528,9250.5828889763,-2301.40153093694,0.0769620249276672,0.0332892529365448,8.12742465310552e-06,135.456714637881,0.182053941828691,137.220222122669,-13753.2795842447,-2118.17923288809,0.922376967328199,0.923711275897945,0.923205059247477,0.190226482111982,0.923233207105339,0.141602681492371,1824.73507152212,27,4069,17,"val_rmse_orig","Yes",17
"Age  highway_MPG  city_mpg  Engine_Cylinders  Engine_HP  Transmission_Type  Number_of_Doors  Vehicle_Style  Vehicle_Size  Factory_Tuner  Luxury  Flex_Fuel  Hatchback  Hybrid  Diesel  Exotic  Crossover",0.132125748783041,0.177705327327303,0.938214757020126,0.182187313278296,0.923073722909589,0.135918116625028,23861.5656340076,0.884691028784421,9512.15256041092,22772.2017546104,0.84689163221998,9249.51779512721,-2267.30474342541,0.0776052047626966,0.0335674547670203,8.19534640610657e-06,136.588740821655,0.182813081162434,138.342690780805,-13719.1827967332,-2084.08244537655,0.921742006824741,0.923073722909589,0.922563275752686,0.190180946364097,0.923281669358429,0.142229856015787,1808.36294301031,27,4069,17,"val_rsq_orig","Yes",17
"Age  highway_MPG  Engine_Cylinders  Engine_HP  Transmission_Type  Number_of_Doors  Vehicle_Style  Vehicle_Size  Driven_Wheels  Factory_Tuner  Luxury  Flex_Fuel  Hatchback  Hybrid  Diesel  Exotic  Popularity",0.129347076881313,0.174843640239356,0.940204099555859,0.179566443445821,0.925271061353268,0.133597042812117,24427.3837172236,0.879532177990171,9470.66759518305,23082.0777032334,0.842839610366136,9186.56471658257,-2382.03624383317,0.0753884732854377,0.0326246626069533,7.96516784790676e-06,132.687191149254,0.180227507566863,134.520860069443,-13821.2782765858,-2186.17792522921,0.923903948305268,0.925271061353268,0.924738201943198,0.18865680477865,0.92473101944271,0.140980613877831,1736.42623901771,29,4067,17,"val_mae_orig","Yes",17
"Age  highway_MPG  Engine_Cylinders  Engine_HP  Transmission_Type  Number_of_Doors  Vehicle_Style  Vehicle_Size  Factory_Tuner  Luxury  Flex_Fuel  Hatchback  Hybrid  Diesel  Exotic  Crossover  Popularity",0.132106256574789,0.177902047784458,0.938092480936659,0.181435720634583,0.923707114596454,0.135323644504812,23932.0134162717,0.883969351766492,9507.34100895202,22654.4449664795,0.848418797050624,9179.54011998473,-2301.17805902224,0.0769662229555257,0.0332910687568971,8.12786797765609e-06,135.464103360595,0.182058906985848,137.196567844207,-13753.05611233,-2117.95576097338,0.922390348131709,0.923707114596455,0.923200870333516,0.189419683801635,0.923898023661017,0.141436806334654,1824.62732364659,27,4069,17,"train_rmse_orig  train_rsq_orig","Yes",17
"Age  highway_MPG  city_mpg  Engine_Cylinders  Engine_HP  Transmission_Type  Number_of_Doors  Vehicle_Style  Vehicle_Size  Factory_Tuner  Luxury  Flex_Fuel  Hatchback  Hybrid  Diesel  Exotic  Popularity",0.132144537570735,0.177912654753938,0.938084820670681,0.181433248659378,0.923709193490684,0.135308337575659,23926.4804007146,0.884014055601989,9507.6129528723,22654.8138158734,0.848412176385806,9178.70046206827,-2301.28969912677,0.0769641257136152,0.0332901616131922,8.12764650251139e-06,135.460412118072,0.182056426520025,137.210022165086,-13753.1677524345,-2118.06740107791,0.922382737262313,0.923709193490684,0.923202963022325,0.189410610164748,0.923906154280667,0.141362003666512,1824.6811506339,27,4069,17,"train_mae_orig","Yes",17
"city_mpg  Engine_Cylinders  Engine_HP  Transmission_Type  Number_of_Doors  Vehicle_Style  Vehicle_Size  Driven_Wheels  Luxury  Hatchback  Hybrid  Diesel  Exotic  Crossover",0.128349137709198,0.17675413184621,0.938933934149031,0.186040026516253,0.91978580347068,0.138542865134324,25797.601497401,0.86638952630926,9576.53023117958,23750.1462945089,0.834356831448803,9459.15901512606,-2097.83304151883,0.080803717816895,0.0349680554567281,8.53724501070105e-06,142.322004182828,0.186656092557063,144.06497510086,-13556.0291051042,-1920.92875374752,0.918505012627662,0.91978580347068,0.919273378627986,0.197800215353122,0.917336806589723,0.148583195222332,1794.96723585068,26,4070,14,"val_mae","Yes",18
"Age  Engine_Cylinders  Engine_HP  Transmission_Type  Number_of_Doors  Vehicle_Style  Vehicle_Size  Driven_Wheels  Factory_Tuner  Luxury  Flex_Fuel  Hatchback  Hybrid  Diesel  Exotic  Crossover",0.129189225978767,0.174104812092621,0.940748550273869,0.181040277692513,0.924039316055444,0.134350563521134,24679.795738949,0.877287779868209,9504.60786139573,23479.8722076897,0.83763542670172,9304.14868584529,-2317.05654348889,0.0765936896440936,0.0331462008241605,8.09248174850695e-06,134.841187653585,0.18168443260819,136.660928556649,-13762.6165865191,-2127.51623516249,0.92269334972488,0.924039316055444,0.923516479489454,0.190846994893457,0.923000255001532,0.142382459692839,1767.35786317022,28,4068,16,"val_rmse  val_rsq","Yes",18
"Age  highway_MPG  Engine_Cylinders  Engine_HP  Transmission_Type  Number_of_Doors  Vehicle_Style  Vehicle_Size  Driven_Wheels  Factory_Tuner  Performance  Luxury  Flex_Fuel  Hatchback  Hybrid  Diesel  Exotic  Popularity",0.129287972769412,0.175195157285464,0.939927008435967,0.178742663971666,0.925955141940009,0.133028672402326,24432.2716802626,0.879068051108423,9475.57982204379,23102.6174302543,0.84241406294223,9189.23410715719,-2417.71354962605,0.0747348297633452,0.0323418191652484,7.89613074649385e-06,131.50479887927,0.17942275511611,133.357242990892,-13850.6375721012,-2215.53722074455,0.924562185736374,0.925955141940009,0.925408819819547,0.188679479147865,0.924706220004731,0.140414868501074,1694.88861471774,30,4066,18,"rmse  aic  apc  fpe  hsp  msep  sbc_SAS  sbc_R  press  pred_rsq  rsq  adj_rsq  train_rmse","Yes",18
"Age  city_mpg  Engine_Cylinders  Engine_HP  Transmission_Type  Number_of_Doors  Vehicle_Style  Vehicle_Size  Driven_Wheels  Factory_Tuner  Performance  Luxury  Flex_Fuel  Hatchback  Hybrid  Diesel  Exotic  Popularity",0.129503618012902,0.175182512358144,0.9399457483884,0.179020787940849,0.925724534750378,0.132821331958905,24557.0134069384,0.877856050877605,9524.08802311076,23247.7263569754,0.840471754208846,9213.58858168957,-2404.97357716442,0.0749675858184023,0.0324425453496274,7.92072265696706e-06,131.914360770361,0.179701937308574,133.788921654806,-13837.8975996396,-2202.79724828292,0.924317992814119,0.925724534750378,0.925176511150405,0.189176509829927,0.924339809550416,0.140302772085028,1689.20560135846,30,4066,18,"train_mae","Yes",18
"Age  highway_MPG  city_mpg  Engine_Cylinders  Engine_HP  Transmission_Type  Number_of_Doors  Vehicle_Style  Vehicle_Size  Factory_Tuner  Performance  Luxury  Flex_Fuel  Hatchback  Hybrid  Diesel  Exotic  Crossover",0.132525827963764,0.178213647902121,0.937829865318463,0.181426633757218,0.9237147563853,0.135349170168203,23828.1967398069,0.884627615855566,9559.24023102171,22772.7309477087,0.846768984312195,9250.66024024088,-2299.58845085399,0.0769960918877158,0.0333040083737794,8.13104554069906e-06,135.483757844191,0.182072163356813,137.260121193087,-13745.1484938842,-2110.04814252758,0.922354397135565,0.9237147563853,0.923189685878611,0.190173079353424,0.923274165310848,0.141541888527745,1759.22041824393,28,4068,18,"val_rmse_orig","Yes",18
"Age  highway_MPG  city_mpg  Engine_Cylinders  Engine_HP  Transmission_Type  Number_of_Doors  Vehicle_Style  Vehicle_Size  Factory_Tuner  Luxury  Flex_Fuel  Hatchback  Hybrid  Diesel  Exotic  Crossover",0.132125748783041,0.177705327327303,0.938214757020126,0.182187313278296,0.923073722909589,0.135918116625028,23861.5656340076,0.884691028784421,9512.15256041092,22772.2017546104,0.84689163221998,9249.51779512721,-2267.30474342541,0.0776052047626966,0.0335674547670203,8.19534640610657e-06,136.588740821655,0.182813081162434,138.342690780805,-13719.1827967332,-2084.08244537655,0.921742006824741,0.923073722909589,0.922563275752686,0.190180946364097,0.923281669358429,0.142229856015787,1808.36294301031,27,4069,17,"val_rsq_orig","Yes",18
"Age  highway_MPG  Engine_Cylinders  Engine_HP  Transmission_Type  Number_of_Doors  Vehicle_Style  Vehicle_Size  Driven_Wheels  Factory_Tuner  Luxury  Flex_Fuel  Hatchback  Hybrid  Diesel  Exotic  Crossover  Popularity",0.129282136956042,0.174619766254964,0.940360010249787,0.179536198470855,0.925296232921974,0.133578177748641,24383.6106688046,0.879901645274001,9466.00595743041,23050.2371581807,0.843245152749565,9182.68615127974,-2381.41650282615,0.0753998786888564,0.0326296219494794,7.9663966892314e-06,132.67503135951,0.180219308904447,134.523270907478,-13814.3405253013,-2179.24017394465,0.923902584537183,0.925296232921974,0.924745049200296,0.188596106173379,0.924765626427598,0.141034316963339,1678.74375916954,30,4066,18,"val_mae_orig","Yes",18
"Age  highway_MPG  city_mpg  Engine_Cylinders  Engine_HP  Transmission_Type  Number_of_Doors  Vehicle_Style  Vehicle_Size  Factory_Tuner  Luxury  Flex_Fuel  Hatchback  Hybrid  Diesel  Exotic  Crossover  Popularity",0.132148947788618,0.177901290755725,0.938092797110306,0.181432953564484,0.92370944165919,0.135303759050033,23925.961160554,0.884017712091484,9508.40371310288,22654.2860965583,0.848418756978869,9178.73415692323,-2299.30302639477,0.0770014561380025,0.0333063286348743,8.1316120235205e-06,135.49319687894,0.182078505650428,137.257269802163,-13744.863069425,-2109.76271806836,0.922356010116563,0.92370944165919,0.923184334571298,0.189398463732802,0.923915332376376,0.141355684749293,1759.08774221312,28,4068,18,"train_rmse_orig","Yes",18
"Age  highway_MPG  Engine_Cylinders  Engine_HP  Transmission_Type  Number_of_Doors  Vehicle_Style  Vehicle_Size  Factory_Tuner  Luxury  Flex_Fuel  Hatchback  Hybrid  Diesel  Exotic  Crossover  Popularity",0.132106256574789,0.177902047784458,0.938092480936659,0.181435720634583,0.923707114596454,0.135323644504812,23932.0134162717,0.883969351766492,9507.34100895202,22654.4449664795,0.848418797050624,9179.54011998473,-2301.17805902224,0.0769662229555257,0.0332910687568971,8.12786797765609e-06,135.464103360595,0.182058906985848,137.196567844207,-13753.05611233,-2117.95576097338,0.922390348131709,0.923707114596455,0.923200870333516,0.189419683801635,0.923898023661017,0.141436806334654,1824.62732364659,27,4069,17,"train_rsq_orig","Yes",18
"Age  highway_MPG  city_mpg  Engine_Cylinders  Engine_HP  Transmission_Type  Number_of_Doors  Vehicle_Style  Vehicle_Size  Factory_Tuner  Luxury  Flex_Fuel  Hatchback  Hybrid  Diesel  Exotic  Popularity",0.132144537570735,0.177912654753938,0.938084820670681,0.181433248659378,0.923709193490684,0.135308337575659,23926.4804007146,0.884014055601989,9507.6129528723,22654.8138158734,0.848412176385806,9178.70046206827,-2301.28969912677,0.0769641257136152,0.0332901616131922,8.12764650251139e-06,135.460412118072,0.182056426520025,137.210022165086,-13753.1677524345,-2118.06740107791,0.922382737262313,0.923709193490684,0.923202963022325,0.189410610164748,0.923906154280667,0.141362003666512,1824.6811506339,27,4069,17,"train_mae_orig","Yes",18
"city_mpg  Engine_Cylinders  Engine_HP  Transmission_Type  Number_of_Doors  Vehicle_Style  Vehicle_Size  Driven_Wheels  Luxury  Hatchback  Hybrid  Diesel  Exotic  Crossover",0.128349137709198,0.17675413184621,0.938933934149031,0.186040026516253,0.91978580347068,0.138542865134324,25797.601497401,0.86638952630926,9576.53023117958,23750.1462945089,0.834356831448803,9459.15901512606,-2097.83304151883,0.080803717816895,0.0349680554567281,8.53724501070105e-06,142.322004182828,0.186656092557063,144.06497510086,-13556.0291051042,-1920.92875374752,0.918505012627662,0.91978580347068,0.919273378627986,0.197800215353122,0.917336806589723,0.148583195222332,1794.96723585068,26,4070,14,"val_mae","Yes",19
"Age  Engine_Cylinders  Engine_HP  Transmission_Type  Number_of_Doors  Vehicle_Style  Vehicle_Size  Driven_Wheels  Factory_Tuner  Luxury  Flex_Fuel  Hatchback  Hybrid  Diesel  Exotic  Crossover",0.129189225978767,0.174104812092621,0.940748550273869,0.181040277692513,0.924039316055444,0.134350563521134,24679.795738949,0.877287779868209,9504.60786139573,23479.8722076897,0.83763542670172,9304.14868584529,-2317.05654348889,0.0765936896440936,0.0331462008241605,8.09248174850695e-06,134.841187653585,0.18168443260819,136.660928556649,-13762.6165865191,-2127.51623516249,0.92269334972488,0.924039316055444,0.923516479489454,0.190846994893457,0.923000255001532,0.142382459692839,1767.35786317022,28,4068,16,"val_rmse  val_rsq","Yes",19
"Age  highway_MPG  Engine_Cylinders  Engine_HP  Transmission_Type  Number_of_Doors  Vehicle_Style  Vehicle_Size  Driven_Wheels  Factory_Tuner  Performance  Luxury  Flex_Fuel  Hatchback  Hybrid  Diesel  Exotic  Popularity",0.129287972769412,0.175195157285464,0.939927008435967,0.178742663971666,0.925955141940009,0.133028672402326,24432.2716802626,0.879068051108423,9475.57982204379,23102.6174302543,0.84241406294223,9189.23410715719,-2417.71354962605,0.0747348297633452,0.0323418191652484,7.89613074649385e-06,131.50479887927,0.17942275511611,133.357242990892,-13850.6375721012,-2215.53722074455,0.924562185736374,0.925955141940009,0.925408819819547,0.188679479147865,0.924706220004731,0.140414868501074,1694.88861471774,30,4066,18,"rmse  aic  apc  fpe  hsp  msep  sbc_SAS  sbc_R  press  pred_rsq  adj_rsq","Yes",19
"Age  highway_MPG  city_mpg  Engine_Cylinders  Engine_HP  Transmission_Type  Number_of_Doors  Vehicle_Style  Vehicle_Size  Driven_Wheels  Factory_Tuner  Performance  Luxury  Flex_Fuel  Hatchback  Hybrid  Diesel  Exotic  Popularity",0.129353307518775,0.175199452599234,0.939923040282048,0.178722421903082,0.925971911704915,0.132927412072409,24428.3191792756,0.879088706100904,9483.76589079418,23106.9112115896,0.842351089408208,9186.98023741483,-2416.64154800525,0.0747543879104407,0.0323503064556578,7.89822171245902e-06,131.50727141259,0.1794245013926,133.389902182574,-13843.2475602028,-2208.1472088462,0.924543711014036,0.925971911704915,0.925407367858138,0.188653930242335,0.924729450377887,0.140200580912473,1640.21256628987,31,4065,19,"rsq  train_rmse","Yes",19
"Age  city_mpg  Engine_Cylinders  Engine_HP  Transmission_Type  Number_of_Doors  Vehicle_Style  Vehicle_Size  Driven_Wheels  Factory_Tuner  Performance  Luxury  Flex_Fuel  Hatchback  Hybrid  Diesel  Exotic  Crossover  Popularity",0.129401360481867,0.174969196149089,0.940094500950089,0.178980921549834,0.925757612082562,0.132759982950623,24500.4109351722,0.878355549296793,9516.21455572144,23205.8711708618,0.841017649721163,9207.22803787574,-2404.79851375365,0.0749707900554556,0.0324439554828865,7.92108581673644e-06,131.887964190823,0.179684016509588,133.775577237776,-13831.4045259512,-2196.30417459461,0.924325541512868,0.925757612082562,0.925191433970522,0.189109869122715,0.924376724131251,0.140380104134959,1635.09961334918,31,4065,19,"train_mae","Yes",19
"Age  highway_MPG  city_mpg  Engine_Cylinders  Engine_HP  Transmission_Type  Number_of_Doors  Vehicle_Style  Vehicle_Size  Factory_Tuner  Performance  Luxury  Flex_Fuel  Hatchback  Hybrid  Diesel  Exotic  Crossover",0.132525827963764,0.178213647902121,0.937829865318463,0.181426633757218,0.9237147563853,0.135349170168203,23828.1967398069,0.884627615855566,9559.24023102171,22772.7309477087,0.846768984312195,9250.66024024088,-2299.58845085399,0.0769960918877158,0.0333040083737794,8.13104554069906e-06,135.483757844191,0.182072163356813,137.260121193087,-13745.1484938842,-2110.04814252758,0.922354397135565,0.9237147563853,0.923189685878611,0.190173079353424,0.923274165310848,0.141541888527745,1759.22041824393,28,4068,18,"val_rmse_orig","Yes",19
"Age  highway_MPG  city_mpg  Engine_Cylinders  Engine_HP  Transmission_Type  Number_of_Doors  Vehicle_Style  Vehicle_Size  Factory_Tuner  Luxury  Flex_Fuel  Hatchback  Hybrid  Diesel  Exotic  Crossover",0.132125748783041,0.177705327327303,0.938214757020126,0.182187313278296,0.923073722909589,0.135918116625028,23861.5656340076,0.884691028784421,9512.15256041092,22772.2017546104,0.84689163221998,9249.51779512721,-2267.30474342541,0.0776052047626966,0.0335674547670203,8.19534640610657e-06,136.588740821655,0.182813081162434,138.342690780805,-13719.1827967332,-2084.08244537655,0.921742006824741,0.923073722909589,0.922563275752686,0.190180946364097,0.923281669358429,0.142229856015787,1808.36294301031,27,4069,17,"val_rsq_orig","Yes",19
"Age  highway_MPG  Engine_Cylinders  Engine_HP  Transmission_Type  Number_of_Doors  Vehicle_Style  Vehicle_Size  Driven_Wheels  Factory_Tuner  Luxury  Flex_Fuel  Hatchback  Hybrid  Diesel  Exotic  Crossover  Popularity",0.129282136956042,0.174619766254964,0.940360010249787,0.179536198470855,0.925296232921974,0.133578177748641,24383.6106688046,0.879901645274001,9466.00595743041,23050.2371581807,0.843245152749565,9182.68615127974,-2381.41650282615,0.0753998786888564,0.0326296219494794,7.9663966892314e-06,132.67503135951,0.180219308904447,134.523270907478,-13814.3405253013,-2179.24017394465,0.923902584537183,0.925296232921974,0.924745049200296,0.188596106173379,0.924765626427598,0.141034316963339,1678.74375916954,30,4066,18,"val_mae_orig","Yes",19
"Age  highway_MPG  city_mpg  Engine_Cylinders  Engine_HP  Transmission_Type  Number_of_Doors  Vehicle_Style  Vehicle_Size  Factory_Tuner  Luxury  Flex_Fuel  Hatchback  Hybrid  Diesel  Exotic  Crossover  Popularity",0.132148947788618,0.177901290755725,0.938092797110306,0.181432953564484,0.92370944165919,0.135303759050033,23925.961160554,0.884017712091484,9508.40371310288,22654.2860965583,0.848418756978869,9178.73415692323,-2299.30302639477,0.0770014561380025,0.0333063286348743,8.1316120235205e-06,135.49319687894,0.182078505650428,137.257269802163,-13744.863069425,-2109.76271806836,0.922356010116563,0.92370944165919,0.923184334571298,0.189398463732802,0.923915332376376,0.141355684749293,1759.08774221312,28,4068,18,"train_rmse_orig","Yes",19
"Age  highway_MPG  Engine_Cylinders  Engine_HP  Transmission_Type  Number_of_Doors  Vehicle_Style  Vehicle_Size  Factory_Tuner  Luxury  Flex_Fuel  Hatchback  Hybrid  Diesel  Exotic  Crossover  Popularity",0.132106256574789,0.177902047784458,0.938092480936659,0.181435720634583,0.923707114596454,0.135323644504812,23932.0134162717,0.883969351766492,9507.34100895202,22654.4449664795,0.848418797050624,9179.54011998473,-2301.17805902224,0.0769662229555257,0.0332910687568971,8.12786797765609e-06,135.464103360595,0.182058906985848,137.196567844207,-13753.05611233,-2117.95576097338,0.922390348131709,0.923707114596455,0.923200870333516,0.189419683801635,0.923898023661017,0.141436806334654,1824.62732364659,27,4069,17,"train_rsq_orig","Yes",19
"Age  highway_MPG  city_mpg  Engine_Cylinders  Engine_HP  Transmission_Type  Number_of_Doors  Vehicle_Style  Vehicle_Size  Factory_Tuner  Luxury  Flex_Fuel  Hatchback  Hybrid  Diesel  Exotic  Popularity",0.132144537570735,0.177912654753938,0.938084820670681,0.181433248659378,0.923709193490684,0.135308337575659,23926.4804007146,0.884014055601989,9507.6129528723,22654.8138158734,0.848412176385806,9178.70046206827,-2301.28969912677,0.0769641257136152,0.0332901616131922,8.12764650251139e-06,135.460412118072,0.182056426520025,137.210022165086,-13753.1677524345,-2118.06740107791,0.922382737262313,0.923709193490684,0.923202963022325,0.189410610164748,0.923906154280667,0.141362003666512,1824.6811506339,27,4069,17,"train_mae_orig","Yes",19
